ota_hotel_id,master_id,room_name,rg_hash,count_rg_hash,allotment,bedding_type,beds,bedding_data,multi_bed_data,capacity,price_rub_min,price_rub_max,url
evropa_hotel,7828771,Одноместный номер Standard (односпальная кровать),3202001,6,1,односпальная кровать,"[""односпальная кровать""]","[""nobedding""]","[{""bed"": ""single"", ""count"": 1}]",1,5400.00,7800.00,https://ostrovok.ru/hotel/russia/western_siberia_irkutsk_oblast_multi/mid7828771/evropa_hotel
evropa_hotel,7828771,Одноместный номер Economy (односпальная кровать),3102001,6,1,односпальная кровать,"[""односпальная кровать""]","[""nobedding""]","[{""bed"": ""single"", ""count"": 1}]",1,6000.00,7800.00,https://ostrovok.ru/hotel/russia/western_siberia_irkutsk_oblast_multi/mid7828771/evropa_hotel
evropa_hotel,7828771,Двухместный номер Standard (двуспальная кровать),3202302,6,4,двуспальная кровать,"[""двуспальная кровать""]","[""double""]","[{""bed"": ""double"", ""count"": 1}]",2,6120.00,8600.00,https://ostrovok.ru/hotel/russia/western_siberia_irkutsk_oblast_multi/mid7828771/evropa_hotel
evropa_hotel,7828771,Двухместный номер Standard (2 отдельные кровати),3202402,6,4,2 отдельные кровати,"[""2 отдельные кровати""]","[""twin""]","[{""bed"": ""single"", ""count"": 2}]",2,6120.00,8600.00,https://ostrovok.ru/hotel/russia/western_siberia_irkutsk_oblast_multi/mid7828771/evropa_hotel
evropa_hotel,7828771,Двухместный номер Business (2 отдельные кровати и диван),3402402,6,1,2 отдельные кровати и диван,"[""2 отдельные кровати"", ""диван""]","[""sofa-bed""]","[{""bed"": ""single"", ""count"": 2}, {""bed"": ""sofa-bed"", ""count"": 1}]",3,7200.00,9800.00,https://ostrovok.ru/hotel/russia/western_siberia_irkutsk_oblast_multi/mid7828771/evropa_hotel
evropa_hotel,7828771,Двухместный номер Business (двуспальная кровать и диван),3402302,6,1,двуспальная кровать и диван,"[""двуспальная кровать"", ""диван""]","[""double""]","[{""bed"": ""double"", ""count"": 1}, {""bed"": ""sofa-bed"", ""count"": 1}]",3,7200.00,9800.00,https://ostrovok.ru/hotel/russia/western_siberia_irkutsk_oblast_multi/mid7828771/evropa_hotel
evropa_hotel,7828771,Одноместный номер Superior (односпальная кровать),3502001,6,1,односпальная кровать,"[""односпальная кровать""]","[""nobedding""]","[{""bed"": ""single"", ""count"": 1}]",1,7900.00,9700.00,https://ostrovok.ru/hotel/russia/western_siberia_irkutsk_oblast_multi/mid7828771/evropa_hotel
evropa_hotel,7828771,Двухместный номер Comfort (двуспальная кровать),3302302,6,1,двуспальная кровать,"[""двуспальная кровать""]","[""double""]","[{""bed"": ""double"", ""count"": 1}]",2,10080.00,13000.00,https://ostrovok.ru/hotel/russia/western_siberia_irkutsk_oblast_multi/mid7828771/evropa_hotel
evropa_hotel,7828771,Двухместный Джуниор сьют (двуспальная кровать и диван),4002302,6,1,двуспальная кровать и диван,"[""двуспальная кровать"", ""диван""]","[""double""]","[{""bed"": ""double"", ""count"": 1}, {""bed"": ""sofa-bed"", ""count"": 1}]",3,10980.00,14000.00,https://ostrovok.ru/hotel/russia/western_siberia_irkutsk_oblast_multi/mid7828771/evropa_hotel
evropa_hotel,7828771,Двухместный номер Comfort Modern с видом на город (2 отдельные кровати и диван),36024020005,6,2,2 отдельные кровати и диван,"[""2 отдельные кровати"", ""диван""]","[""sofa-bed""]","[{""bed"": ""single"", ""count"": 2}, {""bed"": ""sofa-bed"", ""count"": 1}]",3,13500.00,15300.00,https://ostrovok.ru/hotel/russia/western_siberia_irkutsk_oblast_multi/mid7828771/evropa_hotel
evropa_hotel,7828771,Двухместный номер Comfort Modern с видом на город (двуспальная кровать и диван),36023020005,6,2,двуспальная кровать и диван,"[""двуспальная кровать"", ""диван""]","[""double""]","[{""bed"": ""double"", ""count"": 1}, {""bed"": ""sofa-bed"", ""count"": 1}]",3,13500.00,15300.00,https://ostrovok.ru/hotel/russia/western_siberia_irkutsk_oblast_multi/mid7828771/evropa_hotel
azimut_aeroport_irkutsk_hotel,13317260,Двухместный номер Standard (2 отдельные кровати),3202402,4,4,2 отдельные кровати,"[""2 отдельные кровати""]","[""twin""]","[{""bed"": ""single"", ""count"": 2}]",2,7500.00,8350.00,https://ostrovok.ru/hotel/russia/western_siberia_irkutsk_oblast_multi/mid13317260/azimut_aeroport_irkutsk_hotel
azimut_aeroport_irkutsk_hotel,13317260,Двухместный номер Стандарт для людей с ограниченными возможностями с видом на город (двуспальная кровать) (для гостей с ограниченными возможностями),3I023020005,4,1,двуспальная кровать,"[""двуспальная кровать""]","[""double""]","[{""bed"": ""double"", ""count"": 1}]",2,7500.00,8350.00,https://ostrovok.ru/hotel/russia/western_siberia_irkutsk_oblast_multi/mid13317260/azimut_aeroport_irkutsk_hotel
azimut_aeroport_irkutsk_hotel,13317260,Двухместный номер Superior с красивым видом из окна (двуспальная кровать),3502302000U,4,1,двуспальная кровать,"[""двуспальная кровать""]","[""double""]","[{""bed"": ""double"", ""count"": 1}]",2,8200.00,9050.00,https://ostrovok.ru/hotel/russia/western_siberia_irkutsk_oblast_multi/mid13317260/azimut_aeroport_irkutsk_hotel
azimut_aeroport_irkutsk_hotel,13317260,Двухместный люкс (двуспальная кровать и диван),5002302,4,1,двуспальная кровать и диван,"[""двуспальная кровать"", ""диван""]","[""double""]","[{""bed"": ""double"", ""count"": 1}, {""bed"": ""sofa-bed"", ""count"": 1}]",3,14500.00,14850.00,https://ostrovok.ru/hotel/russia/western_siberia_irkutsk_oblast_multi/mid13317260/azimut_aeroport_irkutsk_hotel
azimut_aeroport_irkutsk_hotel,13317260,Двухместный люкс (2 отдельные кровати и диван),5002402,4,1,2 отдельные кровати и диван,"[""2 отдельные кровати"", ""диван""]","[""sofa-bed""]","[{""bed"": ""single"", ""count"": 2}, {""bed"": ""sofa-bed"", ""count"": 1}]",3,14500.00,14850.00,https://ostrovok.ru/hotel/russia/western_siberia_irkutsk_oblast_multi/mid13317260/azimut_aeroport_irkutsk_hotel
tajga_hotel,9767827,Одноместный номер Стандартный с видом на внутренний двор (односпальная кровать),32020010006,4,1,односпальная кровать,"[""односпальная кровать""]","[""nobedding""]","[{""bed"": ""single"", ""count"": 1}]",1,5200.00,5680.00,https://ostrovok.ru/hotel/russia/western_siberia_irkutsk_oblast_multi/mid9767827/tajga_hotel
tajga_hotel,9767827,Двухместный Джуниор Сюит Дизайнерский с видом на город (двуспальная кровать) (кровать king size),4B023020005,4,1,двуспальная кровать,"[""двуспальная кровать""]","[""double""]","[{""bed"": ""double"", ""count"": 1}]",2,10000.00,10200.00,https://ostrovok.ru/hotel/russia/western_siberia_irkutsk_oblast_multi/mid9767827/tajga_hotel
hotel_olkhonhill,10219118,Двухместный номер Standard с балконом и с красивым видом из окна (2 отдельные кровати),3202402001U,1,14,2 отдельные кровати,"[""2 отдельные кровати""]","[""twin""]","[{""bed"": ""single"", ""count"": 2}]",2,5500.00,5500.00,https://ostrovok.ru/hotel/russia/western_siberia_irkutsk_oblast_multi/mid10219118/hotel_olkhonhill
hotel_olkhonhill,10219118,Двухместный номер Standard с красивым видом из окна (двуспальная кровать) (кровать king size),3202302000U,1,2,двуспальная кровать,"[""двуспальная кровать""]","[""double""]","[{""bed"": ""double"", ""count"": 1}]",2,9000.00,9000.00,https://ostrovok.ru/hotel/russia/western_siberia_irkutsk_oblast_multi/mid10219118/hotel_olkhonhill
rus_hotel_irkutsk,7774831,Одноместный номер Standard (односпальная кровать),3202201,3,5,односпальная кровать,"[""односпальная кровать""]","[""nobedding""]","[{""bed"": ""single"", ""count"": 1}]",1,3640.00,4600.00,https://ostrovok.ru/hotel/russia/western_siberia_irkutsk_oblast_multi/mid7774831/rus_hotel_irkutsk
rus_hotel_irkutsk,7774831,Двухместный номер Standard (2 отдельные кровати),3202402,3,1,2 отдельные кровати,"[""2 отдельные кровати""]","[""twin""]","[{""bed"": ""single"", ""count"": 2}]",2,3798.00,4800.00,https://ostrovok.ru/hotel/russia/western_siberia_irkutsk_oblast_multi/mid7774831/rus_hotel_irkutsk
rus_hotel_irkutsk,7774831,Двухместный номер Standard (двуспальная кровать),3202302,3,1,двуспальная кровать,"[""двуспальная кровать""]","[""double""]","[{""bed"": ""double"", ""count"": 1}]",2,3798.00,4800.00,https://ostrovok.ru/hotel/russia/western_siberia_irkutsk_oblast_multi/mid7774831/rus_hotel_irkutsk
rus_hotel_irkutsk,7774831,Двухместный номер Comfort (двуспальная кровать),3302302,3,3,двуспальная кровать,"[""двуспальная кровать""]","[""double""]","[{""bed"": ""double"", ""count"": 1}]",2,4827.00,6100.00,https://ostrovok.ru/hotel/russia/western_siberia_irkutsk_oblast_multi/mid7774831/rus_hotel_irkutsk
rus_hotel_irkutsk,7774831,Двухместный номер Comfort (2 отдельные кровати),3302402,3,3,2 отдельные кровати,"[""2 отдельные кровати""]","[""twin""]","[{""bed"": ""single"", ""count"": 2}]",2,4827.00,6100.00,https://ostrovok.ru/hotel/russia/western_siberia_irkutsk_oblast_multi/mid7774831/rus_hotel_irkutsk
rus_hotel_irkutsk,7774831,Двухместный номер Deluxe с видом на город (двуспальная кровать),36023020005,3,1,двуспальная кровать,"[""двуспальная кровать""]","[""double""]","[{""bed"": ""double"", ""count"": 1}]",2,5618.00,7100.00,https://ostrovok.ru/hotel/russia/western_siberia_irkutsk_oblast_multi/mid7774831/rus_hotel_irkutsk
rus_hotel_irkutsk,7774831,Двухместный люкс с видом на внутренний двор (двуспальная кровать),50023020006,2,1,двуспальная кровать,"[""двуспальная кровать""]","[""double""]","[{""bed"": ""double"", ""count"": 1}]",2,7319.00,7400.00,https://ostrovok.ru/hotel/russia/western_siberia_irkutsk_oblast_multi/mid7774831/rus_hotel_irkutsk
bolshoe_puteshestvie_hotel,9252749,Трёхместный номер Стандарт с видом на озеро Байкал,3202003000D,1,9,,,"[""nobedding""]",,3,3953.00,3953.00,https://ostrovok.ru/hotel/russia/western_siberia_irkutsk_oblast_multi/mid9252749/bolshoe_puteshestvie_hotel
bolshoe_puteshestvie_hotel,9252749,Номер на 2 этаже Семейный Улучшенный (двуспальная кровать и диван) (терраса),350201,2,3,двуспальная кровать и диван,"[""двуспальная кровать"", ""диван""]","[""double""]","[{""bed"": ""double"", ""count"": 1}, {""bed"": ""sofa-bed"", ""count"": 1}]",3,4447.00,4447.00,https://ostrovok.ru/hotel/russia/western_siberia_irkutsk_oblast_multi/mid9252749/bolshoe_puteshestvie_hotel
bolshoe_puteshestvie_hotel,9252749,Номер Семейный Комфорт (двуспальная кровать и диван),3302,2,5,двуспальная кровать и диван,"[""двуспальная кровать"", ""диван""]","[""double""]","[{""bed"": ""double"", ""count"": 1}, {""bed"": ""sofa-bed"", ""count"": 1}]",3,4447.00,4450.00,https://ostrovok.ru/hotel/russia/western_siberia_irkutsk_oblast_multi/mid9252749/bolshoe_puteshestvie_hotel
bolshoe_puteshestvie_hotel,9252749,Номер на 1 этаже Семейный Улучшенный (2 дивана и 3 отдельные кровати) (терраса),35020001,2,2,2 дивана и 3 отдельные кровати,"[""2 дивана"", ""3 отдельные кровати""]","[""nobedding""]","[{""bed"": ""single"", ""count"": 3}, {""bed"": ""sofa-bed"", ""count"": 2}]",1,4941.00,4941.00,https://ostrovok.ru/hotel/russia/western_siberia_irkutsk_oblast_multi/mid9252749/bolshoe_puteshestvie_hotel
irkutsk_city_center,13384478,Двухместный номер Делюкс (2 отдельные кровати),3602402,4,8,2 отдельные кровати,"[""2 отдельные кровати""]","[""twin""]","[{""bed"": ""single"", ""count"": 2}]",2,10500.00,10800.00,https://ostrovok.ru/hotel/russia/western_siberia_irkutsk_oblast_multi/mid13384478/irkutsk_city_center
irkutsk_city_center,13384478,Двухместный номер Бизнес Делюкс (2 отдельные кровати),3602412,4,8,2 отдельные кровати,"[""2 отдельные кровати""]","[""twin""]","[{""bed"": ""single"", ""count"": 2}]",2,12500.00,13500.00,https://ostrovok.ru/hotel/russia/western_siberia_irkutsk_oblast_multi/mid13384478/irkutsk_city_center
larus,9828888,Двухместный номер Standard (2 отдельные кровати) (тип кровати может измениться),3202402,2,4,2 отдельные кровати,"[""2 отдельные кровати""]","[""twin""]","[{""bed"": ""single"", ""count"": 2}]",2,3784.00,4749.00,https://ostrovok.ru/hotel/russia/western_siberia_irkutsk_oblast_multi/mid9828888/larus
hotel_angara,6715745,Двухместный номер Standard (2 отдельные кровати),3202402,2,4,2 отдельные кровати,"[""2 отдельные кровати""]","[""twin""]","[{""bed"": ""single"", ""count"": 2}]",2,3800.00,3800.00,https://ostrovok.ru/hotel/russia/western_siberia_irkutsk_oblast_multi/mid6715745/hotel_angara
hotel_angara,6715745,Двухместный номер Standard (двуспальная кровать),3202302,2,1,двуспальная кровать,"[""двуспальная кровать""]","[""double""]","[{""bed"": ""double"", ""count"": 1}]",2,4000.00,4000.00,https://ostrovok.ru/hotel/russia/western_siberia_irkutsk_oblast_multi/mid6715745/hotel_angara
hotel_angara,6715745,Двухместный номер Deluxe (двуспальная кровать),3602302,2,1,двуспальная кровать,"[""двуспальная кровать""]","[""double""]","[{""bed"": ""double"", ""count"": 1}]",2,4500.00,4500.00,https://ostrovok.ru/hotel/russia/western_siberia_irkutsk_oblast_multi/mid6715745/hotel_angara
guesthouse_dudeevukh,10367494,Двухместный номер Standard (двуспальная кровать),3202302,1,1,двуспальная кровать,"[""двуспальная кровать""]","[""double""]","[{""bed"": ""double"", ""count"": 1}]",2,3661.00,3661.00,https://ostrovok.ru/hotel/russia/western_siberia_irkutsk_oblast_multi/mid10367494/guesthouse_dudeevukh
guesthouse_dudeevukh,10367494,Трёхместный номер Standard (двуспальная кровать и односпальная кровать),3202003,1,1,двуспальная кровать и односпальная кровать,"[""двуспальная кровать"", ""односпальная кровать""]","[""double""]","[{""bed"": ""double"", ""count"": 1}, {""bed"": ""single"", ""count"": 1}]",2,4452.00,4452.00,https://ostrovok.ru/hotel/russia/western_siberia_irkutsk_oblast_multi/mid10367494/guesthouse_dudeevukh
klubnyij_kvartal_apartments,9081992,Апартаменты (двуспальная кровать и диван),6002,2,2,двуспальная кровать и диван,"[""двуспальная кровать"", ""диван""]","[""double""]","[{""bed"": ""double"", ""count"": 1}, {""bed"": ""sofa-bed"", ""count"": 1}]",3,4100.00,4100.00,https://ostrovok.ru/hotel/russia/western_siberia_irkutsk_oblast_multi/mid9081992/klubnyij_kvartal_apartments
klubnyij_kvartal_apartments,9081992,Люкс,5002,2,1,,,"[""nobedding""]",,1,5700.00,5700.00,https://ostrovok.ru/hotel/russia/western_siberia_irkutsk_oblast_multi/mid9081992/klubnyij_kvartal_apartments
hotel_premium_hotel_pushkin,13310309,Двухместный номер Делюкс с красивым видом из окна (двуспальная кровать),3602302000U,2,5,двуспальная кровать,"[""двуспальная кровать""]","[""double""]","[{""bed"": ""double"", ""count"": 1}]",2,18000.00,18000.00,https://ostrovok.ru/hotel/russia/western_siberia_irkutsk_oblast_multi/mid13310309/hotel_premium_hotel_pushkin
hotel_premium_hotel_pushkin,13310309,Двухместный номер Гранд Делюкс с видом на внутренний двор (двуспальная кровать),3D023020006,2,4,двуспальная кровать,"[""двуспальная кровать""]","[""double""]","[{""bed"": ""double"", ""count"": 1}]",2,21000.00,21000.00,https://ostrovok.ru/hotel/russia/western_siberia_irkutsk_oblast_multi/mid13310309/hotel_premium_hotel_pushkin
hotel_premium_hotel_pushkin,13310309,Двухместный номер Гранд Делюкс с балконом и с видом на город (двуспальная кровать),3D023020015,2,1,двуспальная кровать,"[""двуспальная кровать""]","[""double""]","[{""bed"": ""double"", ""count"": 1}]",2,23000.00,23000.00,https://ostrovok.ru/hotel/russia/western_siberia_irkutsk_oblast_multi/mid13310309/hotel_premium_hotel_pushkin
hotel_premium_hotel_pushkin,13310309,Двухместный номер Премиум с красивым видом из окна (двуспальная кровать),3A02302000U,2,8,двуспальная кровать,"[""двуспальная кровать""]","[""double""]","[{""bed"": ""double"", ""count"": 1}]",2,26000.00,26000.00,https://ostrovok.ru/hotel/russia/western_siberia_irkutsk_oblast_multi/mid13310309/hotel_premium_hotel_pushkin
hotel_premium_hotel_pushkin,13310309,Двухместный люкс Президентский с красивым видом из окна (двуспальная кровать),5902302000U,2,2,двуспальная кровать,"[""двуспальная кровать""]","[""double""]","[{""bed"": ""double"", ""count"": 1}]",2,48000.00,48000.00,https://ostrovok.ru/hotel/russia/western_siberia_irkutsk_oblast_multi/mid13310309/hotel_premium_hotel_pushkin
divobaykala_flat_1,13373670,Двухместные апартаменты с видом на город (двуспальная кровать) (кровать king size),60023020005,1,1,двуспальная кровать,"[""двуспальная кровать""]","[""double""]","[{""bed"": ""double"", ""count"": 1}]",2,2550.00,2550.00,https://ostrovok.ru/hotel/russia/western_siberia_irkutsk_oblast_multi/mid13373670/divobaykala_flat_1
otel_irkut,8348721,Одноместный номер Standard,3202001,2,2,,,"[""nobedding""]",,1,3350.00,3350.00,https://ostrovok.ru/hotel/russia/western_siberia_irkutsk_oblast_multi/mid8348721/otel_irkut
otel_irkut,8348721,Одноместный номер Superior,3502001,2,1,,,"[""nobedding""]",,1,3500.00,3500.00,https://ostrovok.ru/hotel/russia/western_siberia_irkutsk_oblast_multi/mid8348721/otel_irkut
otel_irkut,8348721,Двухместный номер Standard (двуспальная кровать),3202302,2,1,двуспальная кровать,"[""двуспальная кровать""]","[""double""]","[{""bed"": ""double"", ""count"": 1}]",2,3500.00,3500.00,https://ostrovok.ru/hotel/russia/western_siberia_irkutsk_oblast_multi/mid8348721/otel_irkut
otel_irkut,8348721,Двухместный номер Standard (2 отдельные кровати),3202402,2,5,2 отдельные кровати,"[""2 отдельные кровати""]","[""twin""]","[{""bed"": ""single"", ""count"": 2}]",2,3500.00,3500.00,https://ostrovok.ru/hotel/russia/western_siberia_irkutsk_oblast_multi/mid8348721/otel_irkut
otel_irkut,8348721,Двухместный номер Superior (2 отдельные кровати),3502402,2,6,2 отдельные кровати,"[""2 отдельные кровати""]","[""twin""]","[{""bed"": ""single"", ""count"": 2}]",2,3900.00,3900.00,https://ostrovok.ru/hotel/russia/western_siberia_irkutsk_oblast_multi/mid8348721/otel_irkut
otel_irkut,8348721,Двухместный номер Superior (двуспальная кровать),3502302,2,1,двуспальная кровать,"[""двуспальная кровать""]","[""double""]","[{""bed"": ""double"", ""count"": 1}]",2,3900.00,3900.00,https://ostrovok.ru/hotel/russia/western_siberia_irkutsk_oblast_multi/mid8348721/otel_irkut
otel_irkut,8348721,Двухместный номер Standard Premium (двуспальная кровать),3A02302,2,1,двуспальная кровать,"[""двуспальная кровать""]","[""double""]","[{""bed"": ""double"", ""count"": 1}]",2,6800.00,6800.00,https://ostrovok.ru/hotel/russia/western_siberia_irkutsk_oblast_multi/mid8348721/otel_irkut
gostevoy_dom_sunrise,10485526,Двухместный номер Standard (2 отдельные кровати),3202402,2,2,2 отдельные кровати,"[""2 отдельные кровати""]","[""twin""]","[{""bed"": ""single"", ""count"": 2}]",2,7421.00,7500.00,https://ostrovok.ru/hotel/russia/western_siberia_irkutsk_oblast_multi/mid10485526/gostevoy_dom_sunrise
gostevoy_dom_sunrise,10485526,Двухместный номер Standard с балконом (двуспальная кровать),3202302001,2,1,двуспальная кровать,"[""двуспальная кровать""]","[""double""]","[{""bed"": ""double"", ""count"": 1}]",2,7421.00,7500.00,https://ostrovok.ru/hotel/russia/western_siberia_irkutsk_oblast_multi/mid10485526/gostevoy_dom_sunrise
gostevoy_dom_sunrise,10485526,Двухместный номер Superior с балконом (двуспальная кровать и диван),3502302001,2,1,двуспальная кровать и диван,"[""двуспальная кровать"", ""диван""]","[""double""]","[{""bed"": ""double"", ""count"": 1}, {""bed"": ""sofa-bed"", ""count"": 1}]",3,10389.00,10500.00,https://ostrovok.ru/hotel/russia/western_siberia_irkutsk_oblast_multi/mid10485526/gostevoy_dom_sunrise
gostevoy_dom_sunrise,10485526,Семейный номер Classic,3B0201,2,1,,,"[""nobedding""]",,3,10389.00,10500.00,https://ostrovok.ru/hotel/russia/western_siberia_irkutsk_oblast_multi/mid10485526/gostevoy_dom_sunrise
glempingotel_yolki_recreation_camp,13723450,"Шале с 2 комнатами с видом на внутренний двор (2 отдельные кровати, двуспальная кровать и диван)",B0020000206,1,1,"2 отдельные кровати, двуспальная кровать и диван","[""2 отдельные кровати"", ""двуспальная кровать"", ""диван""]","[""double""]","[{""bed"": ""double"", ""count"": 1}, {""bed"": ""single"", ""count"": 2}, {""bed"": ""sofa-bed"", ""count"": 1}]",5,14842.00,14842.00,https://ostrovok.ru/hotel/russia/western_siberia_irkutsk_oblast_multi/mid13723450/glempingotel_yolki_recreation_camp
glempingotel_yolki_recreation_camp,13723450,"Шале с 2 комнатами с красивым видом из окна (2 отдельные кровати, двуспальная кровать и диван)",B002000020U,1,2,"2 отдельные кровати, двуспальная кровать и диван","[""2 отдельные кровати"", ""двуспальная кровать"", ""диван""]","[""double""]","[{""bed"": ""double"", ""count"": 1}, {""bed"": ""single"", ""count"": 2}, {""bed"": ""sofa-bed"", ""count"": 1}]",5,14842.00,14842.00,https://ostrovok.ru/hotel/russia/western_siberia_irkutsk_oblast_multi/mid13723450/glempingotel_yolki_recreation_camp
guest_house_baykaliya,13428580,Двухместный номер Standard (двуспальная кровать),3202302,2,2,двуспальная кровать,"[""двуспальная кровать""]","[""double""]","[{""bed"": ""double"", ""count"": 1}]",2,7421.00,7500.00,https://ostrovok.ru/hotel/russia/western_siberia_irkutsk_oblast_multi/mid13428580/guest_house_baykaliya
guest_house_baykaliya,13428580,Двухместный номер Superior (двуспальная кровать),3502302,2,3,двуспальная кровать,"[""двуспальная кровать""]","[""double""]","[{""bed"": ""double"", ""count"": 1}]",2,8410.00,8500.00,https://ostrovok.ru/hotel/russia/western_siberia_irkutsk_oblast_multi/mid13428580/guest_house_baykaliya
empire_hotel_3,7829344,Одноместный номер Классик М Мансарда (односпальная кровать),310200100004,2,1,односпальная кровать,"[""односпальная кровать""]","[""nobedding""]","[{""bed"": ""single"", ""count"": 1}]",1,4900.00,4900.00,https://ostrovok.ru/hotel/russia/western_siberia_irkutsk_oblast_multi/mid7829344/empire_hotel_3
empire_hotel_3,7829344,Одноместный номер Классик (односпальная кровать),3B02001,2,1,односпальная кровать,"[""односпальная кровать""]","[""nobedding""]","[{""bed"": ""single"", ""count"": 1}]",1,5300.00,5300.00,https://ostrovok.ru/hotel/russia/western_siberia_irkutsk_oblast_multi/mid7829344/empire_hotel_3
empire_hotel_3,7829344,Одноместный номер Комфорт (односпальная кровать),3302001,2,1,односпальная кровать,"[""односпальная кровать""]","[""nobedding""]","[{""bed"": ""single"", ""count"": 1}]",1,5800.00,5800.00,https://ostrovok.ru/hotel/russia/western_siberia_irkutsk_oblast_multi/mid7829344/empire_hotel_3
empire_hotel_3,7829344,Двухместный номер Бизнес М Мансарда (2 отдельные кровати),370240200004,2,1,2 отдельные кровати,"[""2 отдельные кровати""]","[""twin""]","[{""bed"": ""single"", ""count"": 2}]",2,6000.00,6000.00,https://ostrovok.ru/hotel/russia/western_siberia_irkutsk_oblast_multi/mid7829344/empire_hotel_3
empire_hotel_3,7829344,Двухместный номер Бизнес М Мансарда (двуспальная кровать),370230200004,2,1,двуспальная кровать,"[""двуспальная кровать""]","[""double""]","[{""bed"": ""double"", ""count"": 1}]",2,6000.00,6000.00,https://ostrovok.ru/hotel/russia/western_siberia_irkutsk_oblast_multi/mid7829344/empire_hotel_3
empire_hotel_3,7829344,Двухместный номер Улучшенный Бизнес (2 отдельные кровати),3402402,2,1,2 отдельные кровати,"[""2 отдельные кровати""]","[""twin""]","[{""bed"": ""single"", ""count"": 2}]",2,6300.00,6300.00,https://ostrovok.ru/hotel/russia/western_siberia_irkutsk_oblast_multi/mid7829344/empire_hotel_3
empire_hotel_3,7829344,Двухместный номер Улучшенный Бизнес (двуспальная кровать),3402302,2,1,двуспальная кровать,"[""двуспальная кровать""]","[""double""]","[{""bed"": ""double"", ""count"": 1}]",2,6300.00,6300.00,https://ostrovok.ru/hotel/russia/western_siberia_irkutsk_oblast_multi/mid7829344/empire_hotel_3
empire_hotel_3,7829344,Двухместный номер Улучшенный Гранд (двуспальная кровать),3D02302,2,1,двуспальная кровать,"[""двуспальная кровать""]","[""double""]","[{""bed"": ""double"", ""count"": 1}]",2,6800.00,6800.00,https://ostrovok.ru/hotel/russia/western_siberia_irkutsk_oblast_multi/mid7829344/empire_hotel_3
empire_hotel_3,7829344,Двухместный номер Улучшенный Гранд (2 отдельные кровати),3D02402,2,1,2 отдельные кровати,"[""2 отдельные кровати""]","[""twin""]","[{""bed"": ""single"", ""count"": 2}]",2,6800.00,6800.00,https://ostrovok.ru/hotel/russia/western_siberia_irkutsk_oblast_multi/mid7829344/empire_hotel_3
empire_hotel_3,7829344,Двухместный джуниор сьюит (двуспальная кровать),4002302,2,1,двуспальная кровать,"[""двуспальная кровать""]","[""double""]","[{""bed"": ""double"", ""count"": 1}]",2,9500.00,9500.00,https://ostrovok.ru/hotel/russia/western_siberia_irkutsk_oblast_multi/mid7829344/empire_hotel_3
empire_hotel_3,7829344,Двухместный люкс (двуспальная кровать),5002302,2,1,двуспальная кровать,"[""двуспальная кровать""]","[""double""]","[{""bed"": ""double"", ""count"": 1}]",2,12900.00,12900.00,https://ostrovok.ru/hotel/russia/western_siberia_irkutsk_oblast_multi/mid7829344/empire_hotel_3
hotel_nuur_hotel,13174758,Номер Standard (двуспальная кровать),3202302,4,8,двуспальная кровать,"[""двуспальная кровать""]","[""double""]","[{""bed"": ""double"", ""count"": 1}]",2,7800.00,8300.00,https://ostrovok.ru/hotel/russia/western_siberia_irkutsk_oblast_multi/mid13174758/hotel_nuur_hotel
hotel_nuur_hotel,13174758,Номер Standard (2 отдельные кровати),3202402,4,8,2 отдельные кровати,"[""2 отдельные кровати""]","[""twin""]","[{""bed"": ""single"", ""count"": 2}]",2,7800.00,8300.00,https://ostrovok.ru/hotel/russia/western_siberia_irkutsk_oblast_multi/mid13174758/hotel_nuur_hotel
hotel_nuur_hotel,13174758,Двухместный Джуниор Сюит (2 отдельные кровати и диван),4002402,4,2,2 отдельные кровати и диван,"[""2 отдельные кровати"", ""диван""]","[""sofa-bed""]","[{""bed"": ""single"", ""count"": 2}, {""bed"": ""sofa-bed"", ""count"": 1}]",3,8900.00,9400.00,https://ostrovok.ru/hotel/russia/western_siberia_irkutsk_oblast_multi/mid13174758/hotel_nuur_hotel
hotel_nuur_hotel,13174758,Двухместный Джуниор Сюит (двуспальная кровать и диван),4002302,4,2,двуспальная кровать и диван,"[""двуспальная кровать"", ""диван""]","[""double""]","[{""bed"": ""double"", ""count"": 1}, {""bed"": ""sofa-bed"", ""count"": 1}]",3,8900.00,9400.00,https://ostrovok.ru/hotel/russia/western_siberia_irkutsk_oblast_multi/mid13174758/hotel_nuur_hotel
hotel_nuur_hotel,13174758,Двухместные апартаменты с видом на город (двуспальная кровать) (кровать king size),60023020005,4,1,двуспальная кровать,"[""двуспальная кровать""]","[""double""]","[{""bed"": ""double"", ""count"": 1}]",2,16000.00,17000.00,https://ostrovok.ru/hotel/russia/western_siberia_irkutsk_oblast_multi/mid13174758/hotel_nuur_hotel
baykal_khan_listvyanka,10360512,Двухместный номер Standard (2 отдельные кровати),3202402,1,6,2 отдельные кровати,"[""2 отдельные кровати""]","[""twin""]","[{""bed"": ""single"", ""count"": 2}]",2,6960.00,6960.00,https://ostrovok.ru/hotel/russia/western_siberia_irkutsk_oblast_multi/mid10360512/baykal_khan_listvyanka
baykal_khan_listvyanka,10360512,Двухместный номер Романтик (двуспальная кровать),3502302,1,1,двуспальная кровать,"[""двуспальная кровать""]","[""double""]","[{""bed"": ""double"", ""count"": 1}]",2,6960.00,6960.00,https://ostrovok.ru/hotel/russia/western_siberia_irkutsk_oblast_multi/mid10360512/baykal_khan_listvyanka
baykal_khan_listvyanka,10360512,Трёхместный семейный номер Classic (двуспальная кровать и односпальная кровать),3B02013,1,2,двуспальная кровать и односпальная кровать,"[""двуспальная кровать"", ""односпальная кровать""]","[""double""]","[{""bed"": ""double"", ""count"": 1}, {""bed"": ""single"", ""count"": 1}]",2,8700.00,8700.00,https://ostrovok.ru/hotel/russia/western_siberia_irkutsk_oblast_multi/mid10360512/baykal_khan_listvyanka
baykal_khan_listvyanka,10360512,Трёхместный семейный номер Standard с балконом и с видом на озеро (двуспальная кровать и односпальная кровать),3202013001D,1,1,двуспальная кровать и односпальная кровать,"[""двуспальная кровать"", ""односпальная кровать""]","[""double""]","[{""bed"": ""double"", ""count"": 1}, {""bed"": ""single"", ""count"": 1}]",2,9180.00,9180.00,https://ostrovok.ru/hotel/russia/western_siberia_irkutsk_oblast_multi/mid10360512/baykal_khan_listvyanka
baykal_khan_listvyanka,10360512,Двухместный люкс Мансарда с балконом и с видом на озеро (двуспальная кровать),5002302001D4,1,1,двуспальная кровать,"[""двуспальная кровать""]","[""double""]","[{""bed"": ""double"", ""count"": 1}]",2,10680.00,10680.00,https://ostrovok.ru/hotel/russia/western_siberia_irkutsk_oblast_multi/mid10360512/baykal_khan_listvyanka
international_hotel_sayen,7384846,Двухместный номер Делюкс (двуспальная кровать),3602302,3,4,двуспальная кровать,"[""двуспальная кровать""]","[""double""]","[{""bed"": ""double"", ""count"": 1}]",2,16000.00,18000.00,https://ostrovok.ru/hotel/russia/western_siberia_irkutsk_oblast_multi/mid7384846/international_hotel_sayen
international_hotel_sayen,7384846,Двухместная студия с балконом (двуспальная кровать),7002302001,3,1,двуспальная кровать,"[""двуспальная кровать""]","[""double""]","[{""bed"": ""double"", ""count"": 1}]",2,19000.00,21000.00,https://ostrovok.ru/hotel/russia/western_siberia_irkutsk_oblast_multi/mid7384846/international_hotel_sayen
international_hotel_sayen,7384846,Двухместные апартаменты (двуспальная кровать),6002302,3,1,двуспальная кровать,"[""двуспальная кровать""]","[""double""]","[{""bed"": ""double"", ""count"": 1}]",2,43000.00,45000.00,https://ostrovok.ru/hotel/russia/western_siberia_irkutsk_oblast_multi/mid7384846/international_hotel_sayen
podlemorie_hotel,7679750,Двухместный номер Standard (2 отдельные кровати),3202402,2,2,2 отдельные кровати,"[""2 отдельные кровати""]","[""twin""]","[{""bed"": ""single"", ""count"": 2}]",2,5500.00,5500.00,https://ostrovok.ru/hotel/russia/western_siberia_irkutsk_oblast_multi/mid7679750/podlemorie_hotel
podlemorie_hotel,7679750,Двухместный номер Standard с видом на озеро (2 отдельные кровати),3202402000D,2,3,2 отдельные кровати,"[""2 отдельные кровати""]","[""twin""]","[{""bed"": ""single"", ""count"": 2}]",2,6000.00,6000.00,https://ostrovok.ru/hotel/russia/western_siberia_irkutsk_oblast_multi/mid7679750/podlemorie_hotel
podlemorie_hotel,7679750,Двухместный номер Superior (двуспальная кровать),3502302,2,2,двуспальная кровать,"[""двуспальная кровать""]","[""double""]","[{""bed"": ""double"", ""count"": 1}]",2,6500.00,6500.00,https://ostrovok.ru/hotel/russia/western_siberia_irkutsk_oblast_multi/mid7679750/podlemorie_hotel
podlemorie_hotel,7679750,Трёхместный номер Superior (двуспальная кровать и односпальная кровать),3502003,2,1,двуспальная кровать и односпальная кровать,"[""двуспальная кровать"", ""односпальная кровать""]","[""double""]","[{""bed"": ""double"", ""count"": 1}, {""bed"": ""single"", ""count"": 1}]",2,8500.00,8500.00,https://ostrovok.ru/hotel/russia/western_siberia_irkutsk_oblast_multi/mid7679750/podlemorie_hotel
grand_baikal,8481257,Двухместный номер Standard с красивым видом из окна (двуспальная кровать),3202302000U,2,5,двуспальная кровать,"[""двуспальная кровать""]","[""double""]","[{""bed"": ""double"", ""count"": 1}]",2,3956.00,5044.00,https://ostrovok.ru/hotel/russia/western_siberia_irkutsk_oblast_multi/mid8481257/grand_baikal
grand_baikal,8481257,Двухместный номер Standard с красивым видом из окна (2 отдельные кровати),3202402000U,2,5,2 отдельные кровати,"[""2 отдельные кровати""]","[""twin""]","[{""bed"": ""single"", ""count"": 2}]",2,3956.00,5044.00,https://ostrovok.ru/hotel/russia/western_siberia_irkutsk_oblast_multi/mid8481257/grand_baikal
grand_baikal,8481257,Двухместный люкс с 2 комнатами с красивым видом из окна (двуспальная кровать),5002302020U,2,1,двуспальная кровать,"[""двуспальная кровать""]","[""double""]","[{""bed"": ""double"", ""count"": 1}]",2,8407.00,9495.00,https://ostrovok.ru/hotel/russia/western_siberia_irkutsk_oblast_multi/mid8481257/grand_baikal
hotel_harats_inn,13752679,Двухместный номер Economy (двуспальная кровать),3102302,2,1,двуспальная кровать,"[""двуспальная кровать""]","[""double""]","[{""bed"": ""double"", ""count"": 1}]",2,4352.00,4400.00,https://ostrovok.ru/hotel/russia/western_siberia_irkutsk_oblast_multi/mid13752679/hotel_harats_inn
hotel_harats_inn,13752679,Двухместный номер Standard (двуспальная кровать),3202302,2,5,двуспальная кровать,"[""двуспальная кровать""]","[""double""]","[{""bed"": ""double"", ""count"": 1}]",2,5440.00,5500.00,https://ostrovok.ru/hotel/russia/western_siberia_irkutsk_oblast_multi/mid13752679/hotel_harats_inn
hotel_harats_inn,13752679,Двухместный номер Comfort (двуспальная кровать),3302302,2,2,двуспальная кровать,"[""двуспальная кровать""]","[""double""]","[{""bed"": ""double"", ""count"": 1}]",2,6528.00,6600.00,https://ostrovok.ru/hotel/russia/western_siberia_irkutsk_oblast_multi/mid13752679/hotel_harats_inn
hotel_harats_inn,13752679,Двухместный люкс (двуспальная кровать),5002302,2,1,двуспальная кровать,"[""двуспальная кровать""]","[""double""]","[{""bed"": ""double"", ""count"": 1}]",2,7616.00,7700.00,https://ostrovok.ru/hotel/russia/western_siberia_irkutsk_oblast_multi/mid13752679/hotel_harats_inn
baikal_forest_hotel,9825031,Двухместный Luxe (двуспальная кровать),5002302,4,2,двуспальная кровать,"[""двуспальная кровать""]","[""double""]","[{""bed"": ""double"", ""count"": 1}]",2,13135.00,14700.00,https://ostrovok.ru/hotel/russia/western_siberia_irkutsk_oblast_multi/mid9825031/baikal_forest_hotel
baikal_forest_hotel,9825031,Двухместный Luxe (2 отдельные кровати),5002402,4,2,2 отдельные кровати,"[""2 отдельные кровати""]","[""twin""]","[{""bed"": ""single"", ""count"": 2}]",2,13135.00,14700.00,https://ostrovok.ru/hotel/russia/western_siberia_irkutsk_oblast_multi/mid9825031/baikal_forest_hotel
kupechesky_dvor_hotel,8059354,Двухместный номер Standard Мансарда (двуспальная кровать),320230200004,2,1,двуспальная кровать,"[""двуспальная кровать""]","[""double""]","[{""bed"": ""double"", ""count"": 1}]",2,7119.00,7200.00,https://ostrovok.ru/hotel/russia/western_siberia_irkutsk_oblast_multi/mid8059354/kupechesky_dvor_hotel
kupechesky_dvor_hotel,8059354,Двухместный номер Standard Мансарда (2 отдельные кровати),320240200004,2,1,2 отдельные кровати,"[""2 отдельные кровати""]","[""twin""]","[{""bed"": ""single"", ""count"": 2}]",2,7119.00,7200.00,https://ostrovok.ru/hotel/russia/western_siberia_irkutsk_oblast_multi/mid8059354/kupechesky_dvor_hotel
kupechesky_dvor_hotel,8059354,Двухместный номер Standard с видом на город (2 отдельные кровати),32024020005,2,2,2 отдельные кровати,"[""2 отдельные кровати""]","[""twin""]","[{""bed"": ""single"", ""count"": 2}]",2,7416.00,7500.00,https://ostrovok.ru/hotel/russia/western_siberia_irkutsk_oblast_multi/mid8059354/kupechesky_dvor_hotel
kupechesky_dvor_hotel,8059354,Двухместный номер Standard с видом на город (двуспальная кровать),32023020005,2,2,двуспальная кровать,"[""двуспальная кровать""]","[""double""]","[{""bed"": ""double"", ""count"": 1}]",2,7416.00,7500.00,https://ostrovok.ru/hotel/russia/western_siberia_irkutsk_oblast_multi/mid8059354/kupechesky_dvor_hotel
kupechesky_dvor_hotel,8059354,Двухместный полулюкс Мансарда (двуспальная кровать),400230200004,2,1,двуспальная кровать,"[""двуспальная кровать""]","[""double""]","[{""bed"": ""double"", ""count"": 1}]",2,8899.00,9000.00,https://ostrovok.ru/hotel/russia/western_siberia_irkutsk_oblast_multi/mid8059354/kupechesky_dvor_hotel
kupechesky_dvor_hotel,8059354,Двухместный полулюкс с балконом и с видом на город (двуспальная кровать),40023020015,2,1,двуспальная кровать,"[""двуспальная кровать""]","[""double""]","[{""bed"": ""double"", ""count"": 1}]",2,11866.00,12000.00,https://ostrovok.ru/hotel/russia/western_siberia_irkutsk_oblast_multi/mid8059354/kupechesky_dvor_hotel
burduguz_hotel_2,7829252,Двухместный Джуниор Сюит (двуспальная кровать),4002302,1,2,двуспальная кровать,"[""двуспальная кровать""]","[""double""]","[{""bed"": ""double"", ""count"": 1}]",2,16575.00,16575.00,https://ostrovok.ru/hotel/russia/western_siberia_irkutsk_oblast_multi/mid7829252/burduguz_hotel_2
burduguz_hotel_2,7829252,Двухместный Джуниор Сюит в новом здании с балконом (2 отдельные кровати) (тип кровати может измениться),4002402001,1,2,2 отдельные кровати,"[""2 отдельные кровати""]","[""twin""]","[{""bed"": ""single"", ""count"": 2}]",2,22525.00,22525.00,https://ostrovok.ru/hotel/russia/western_siberia_irkutsk_oblast_multi/mid7829252/burduguz_hotel_2
burduguz_hotel_2,7829252,Двухместный Джуниор Сюит в новом здании с балконом (двуспальная кровать) (кровать king size),4002302001,1,2,двуспальная кровать,"[""двуспальная кровать""]","[""double""]","[{""bed"": ""double"", ""count"": 1}]",2,22525.00,22525.00,https://ostrovok.ru/hotel/russia/western_siberia_irkutsk_oblast_multi/mid7829252/burduguz_hotel_2
burduguz_hotel_2,7829252,Двухместный люкс с красивым видом из окна (двуспальная кровать),5002302000U,1,2,двуспальная кровать,"[""двуспальная кровать""]","[""double""]","[{""bed"": ""double"", ""count"": 1}]",2,25075.00,25075.00,https://ostrovok.ru/hotel/russia/western_siberia_irkutsk_oblast_multi/mid7829252/burduguz_hotel_2
burduguz_hotel_2,7829252,Двухместный Джуниор Сюит Комфорт в новом здании с балконом и с красивым видом из окна (двуспальная кровать) (кровать king size),4602302001U,1,2,двуспальная кровать,"[""двуспальная кровать""]","[""double""]","[{""bed"": ""double"", ""count"": 1}]",2,26775.00,26775.00,https://ostrovok.ru/hotel/russia/western_siberia_irkutsk_oblast_multi/mid7829252/burduguz_hotel_2
burduguz_hotel_2,7829252,Двухместный люкс в новом здании с балконом (двуспальная кровать) (кровать king size),5002302001,1,2,двуспальная кровать,"[""двуспальная кровать""]","[""double""]","[{""bed"": ""double"", ""count"": 1}]",2,31025.00,31025.00,https://ostrovok.ru/hotel/russia/western_siberia_irkutsk_oblast_multi/mid7829252/burduguz_hotel_2
burduguz_hotel_2,7829252,"Двухместный Джуниор Сюит Baikal c террасой в новом корпусе с красивым видом из окна (двуспальная кровать) (кровать king size, терраса)",4B02302000U,1,2,двуспальная кровать,"[""двуспальная кровать""]","[""double""]","[{""bed"": ""double"", ""count"": 1}]",2,39950.00,39950.00,https://ostrovok.ru/hotel/russia/western_siberia_irkutsk_oblast_multi/mid7829252/burduguz_hotel_2
burduguz_hotel_2,7829252,Двухместный люкс (двуспальная кровать),5002302,1,1,двуспальная кровать,"[""двуспальная кровать""]","[""double""]","[{""bed"": ""double"", ""count"": 1}]",2,50575.00,50575.00,https://ostrovok.ru/hotel/russia/western_siberia_irkutsk_oblast_multi/mid7829252/burduguz_hotel_2
the_sky_of_lake_baikal,13459275,Номер Standard (общая ванная комната) (2 отдельные кровати),3201,2,3,2 отдельные кровати,"[""2 отдельные кровати""]","[""twin""]","[{""bed"": ""single"", ""count"": 2}]",2,2968.00,3000.00,https://ostrovok.ru/hotel/russia/western_siberia_irkutsk_oblast_multi/mid13459275/the_sky_of_lake_baikal
the_sky_of_lake_baikal,13459275,Двухместный номер Superior с балконом (двуспальная кровать),3502302001,2,1,двуспальная кровать,"[""двуспальная кровать""]","[""double""]","[{""bed"": ""double"", ""count"": 1}]",2,2968.00,3000.00,https://ostrovok.ru/hotel/russia/western_siberia_irkutsk_oblast_multi/mid13459275/the_sky_of_lake_baikal
the_sky_of_lake_baikal,13459275,Двухместный коттедж Economy (общая ванная комната) (2 отдельные кровати) (в дополнительном здании),9101402,1,3,2 отдельные кровати,"[""2 отдельные кровати""]","[""twin""]","[{""bed"": ""single"", ""count"": 2}]",2,2969.00,2969.00,https://ostrovok.ru/hotel/russia/western_siberia_irkutsk_oblast_multi/mid13459275/the_sky_of_lake_baikal
the_sky_of_lake_baikal,13459275,Двухместный коттедж Economy (общая ванная комната) (двуспальная кровать) (в дополнительном здании),9101302,1,1,двуспальная кровать,"[""двуспальная кровать""]","[""double""]","[{""bed"": ""double"", ""count"": 1}]",2,2969.00,2969.00,https://ostrovok.ru/hotel/russia/western_siberia_irkutsk_oblast_multi/mid13459275/the_sky_of_lake_baikal
the_sky_of_lake_baikal,13459275,Трёхместный номер Economy с балконом (общая ванная комната),3101003001,2,2,,,"[""nobedding""]",,3,3463.00,3500.00,https://ostrovok.ru/hotel/russia/western_siberia_irkutsk_oblast_multi/mid13459275/the_sky_of_lake_baikal
the_sky_of_lake_baikal,13459275,Трёхместный коттедж Economy (общая ванная комната) (в дополнительном здании),9101003,1,2,,,"[""nobedding""]",,3,3465.00,3465.00,https://ostrovok.ru/hotel/russia/western_siberia_irkutsk_oblast_multi/mid13459275/the_sky_of_lake_baikal
the_sky_of_lake_baikal,13459275,Номер Comfort,3302,2,1,,,"[""nobedding""]",,1,3958.00,4000.00,https://ostrovok.ru/hotel/russia/western_siberia_irkutsk_oblast_multi/mid13459275/the_sky_of_lake_baikal
the_sky_of_lake_baikal,13459275,Двухместный коттедж Superior (двуспальная кровать) (в дополнительном здании),9502302,1,1,двуспальная кровать,"[""двуспальная кровать""]","[""double""]","[{""bed"": ""double"", ""count"": 1}]",2,3960.00,3960.00,https://ostrovok.ru/hotel/russia/western_siberia_irkutsk_oblast_multi/mid13459275/the_sky_of_lake_baikal
lyuks_hotel_4,10613305,Двухместный номер Standard (двуспальная кровать) (кровать queen size),3202302,2,5,двуспальная кровать,"[""двуспальная кровать""]","[""double""]","[{""bed"": ""double"", ""count"": 1}]",2,2473.00,2500.00,https://ostrovok.ru/hotel/russia/western_siberia_irkutsk_oblast_multi/mid10613305/lyuks_hotel_4
lyuks_hotel_4,10613305,Двухместный номер Standard (2 отдельные кровати),3202402,2,3,2 отдельные кровати,"[""2 отдельные кровати""]","[""twin""]","[{""bed"": ""single"", ""count"": 2}]",2,2968.00,3000.00,https://ostrovok.ru/hotel/russia/western_siberia_irkutsk_oblast_multi/mid10613305/lyuks_hotel_4
lyuks_hotel_4,10613305,Двухместный люкс с 2 комнатами (двуспальная кровать и диван) (кровать queen size),500230202,2,1,двуспальная кровать и диван,"[""двуспальная кровать"", ""диван""]","[""double""]","[{""bed"": ""double"", ""count"": 1}, {""bed"": ""sofa-bed"", ""count"": 1}]",3,4947.00,5000.00,https://ostrovok.ru/hotel/russia/western_siberia_irkutsk_oblast_multi/mid10613305/lyuks_hotel_4
inn_oasis_2,8426230,Двухместный номер Standard с балконом (2 отдельные кровати),3202402001,2,4,2 отдельные кровати,"[""2 отдельные кровати""]","[""twin""]","[{""bed"": ""single"", ""count"": 2}]",2,4947.00,5000.00,https://ostrovok.ru/hotel/russia/western_siberia_irkutsk_oblast_multi/mid8426230/inn_oasis_2
inn_oasis_2,8426230,Двухместный номер Standard с балконом (двуспальная кровать),3202302001,2,4,двуспальная кровать,"[""двуспальная кровать""]","[""double""]","[{""bed"": ""double"", ""count"": 1}]",2,4947.00,5000.00,https://ostrovok.ru/hotel/russia/western_siberia_irkutsk_oblast_multi/mid8426230/inn_oasis_2
inn_oasis_2,8426230,Семейный номер Standard с балконом (двуспальная кровать и односпальная кровать),3202010001,2,2,двуспальная кровать и односпальная кровать,"[""двуспальная кровать"", ""односпальная кровать""]","[""double""]","[{""bed"": ""double"", ""count"": 1}, {""bed"": ""single"", ""count"": 1}]",2,8905.00,9000.00,https://ostrovok.ru/hotel/russia/western_siberia_irkutsk_oblast_multi/mid8426230/inn_oasis_2
inn_oasis_2,8426230,Апартаменты с 2 комнатами с балконом,6002000021,2,1,,,"[""nobedding""]",,1,11874.00,12000.00,https://ostrovok.ru/hotel/russia/western_siberia_irkutsk_oblast_multi/mid8426230/inn_oasis_2
baykal_shale_guest_house,13431413,Двухместный номер Standard с балконом и с видом на озеро (2 отдельные кровати),3202402001D,4,4,2 отдельные кровати,"[""2 отдельные кровати""]","[""twin""]","[{""bed"": ""single"", ""count"": 2}]",2,4452.00,4750.00,https://ostrovok.ru/hotel/russia/western_siberia_irkutsk_oblast_multi/mid13431413/baykal_shale_guest_house
baykal_shale_guest_house,13431413,Двухместный номер Standard c 1 комнатой с красивым видом из окна (двуспальная кровать),3202302010U,4,4,двуспальная кровать,"[""двуспальная кровать""]","[""double""]","[{""bed"": ""double"", ""count"": 1}]",2,4452.00,4750.00,https://ostrovok.ru/hotel/russia/western_siberia_irkutsk_oblast_multi/mid13431413/baykal_shale_guest_house
baykal_shale_guest_house,13431413,Двухместный номер Standard с балконом и с видом на озеро (двуспальная кровать),3202302001D,4,4,двуспальная кровать,"[""двуспальная кровать""]","[""double""]","[{""bed"": ""double"", ""count"": 1}]",2,4452.00,4750.00,https://ostrovok.ru/hotel/russia/western_siberia_irkutsk_oblast_multi/mid13431413/baykal_shale_guest_house
baykal_shale_guest_house,13431413,Трёхместный номер Superior с балконом и с красивым видом из окна (3 отдельные кровати),3502003001U,2,3,3 отдельные кровати,"[""3 отдельные кровати""]","[""nobedding""]","[{""bed"": ""single"", ""count"": 3}]",3,6431.00,6500.00,https://ostrovok.ru/hotel/russia/western_siberia_irkutsk_oblast_multi/mid13431413/baykal_shale_guest_house
baza_otdykha_gostiny_dvor_vdokhnovenie,10438999,Двухместное бунгало с видом на внутренний двор (2 отдельные кровати) (терраса),A0024020006,1,2,2 отдельные кровати,"[""2 отдельные кровати""]","[""twin""]","[{""bed"": ""single"", ""count"": 2}]",2,5000.00,5000.00,https://ostrovok.ru/hotel/russia/western_siberia_irkutsk_oblast_multi/mid10438999/baza_otdykha_gostiny_dvor_vdokhnovenie
baza_otdykha_gostiny_dvor_vdokhnovenie,10438999,Двухместный номер Standard (2 отдельные кровати),3202402,1,10,2 отдельные кровати,"[""2 отдельные кровати""]","[""twin""]","[{""bed"": ""single"", ""count"": 2}]",2,5000.00,5000.00,https://ostrovok.ru/hotel/russia/western_siberia_irkutsk_oblast_multi/mid10438999/baza_otdykha_gostiny_dvor_vdokhnovenie
baza_otdykha_gostiny_dvor_vdokhnovenie,10438999,Люкс Premium с балконом и с красивым видом из окна (2 отдельные кровати),5A02000001U,2,9,2 отдельные кровати,"[""2 отдельные кровати""]","[""twin""]","[{""bed"": ""single"", ""count"": 2}]",2,5000.00,5000.00,https://ostrovok.ru/hotel/russia/western_siberia_irkutsk_oblast_multi/mid10438999/baza_otdykha_gostiny_dvor_vdokhnovenie
baza_otdykha_gostiny_dvor_vdokhnovenie,10438999,Студия с красивым видом из окна (двуспальная кровать и диван),7002000000U,1,1,двуспальная кровать и диван,"[""двуспальная кровать"", ""диван""]","[""double""]","[{""bed"": ""double"", ""count"": 1}, {""bed"": ""sofa-bed"", ""count"": 1}]",3,5500.00,5500.00,https://ostrovok.ru/hotel/russia/western_siberia_irkutsk_oblast_multi/mid10438999/baza_otdykha_gostiny_dvor_vdokhnovenie
baza_otdykha_gostiny_dvor_vdokhnovenie,10438999,Семейный номер Deluxe с видом на озеро (двуспальная кровать),3602010000D,1,2,двуспальная кровать,"[""двуспальная кровать""]","[""double""]","[{""bed"": ""double"", ""count"": 1}]",2,7150.00,7150.00,https://ostrovok.ru/hotel/russia/western_siberia_irkutsk_oblast_multi/mid10438999/baza_otdykha_gostiny_dvor_vdokhnovenie
baza_otdykha_gostiny_dvor_vdokhnovenie,10438999,Семейное бунгало Superior с 2 комнатами с видом на озеро (двуспальная кровать и диван),A502010020D,2,4,двуспальная кровать и диван,"[""двуспальная кровать"", ""диван""]","[""double""]","[{""bed"": ""double"", ""count"": 1}, {""bed"": ""sofa-bed"", ""count"": 1}]",3,12500.00,12500.00,https://ostrovok.ru/hotel/russia/western_siberia_irkutsk_oblast_multi/mid10438999/baza_otdykha_gostiny_dvor_vdokhnovenie
baza_otdykha_gostiny_dvor_vdokhnovenie,10438999,Двухместный семейный люкс с балконом и с видом на озеро (двуспальная кровать и диван),5002312001D,1,1,двуспальная кровать и диван,"[""двуспальная кровать"", ""диван""]","[""double""]","[{""bed"": ""double"", ""count"": 1}, {""bed"": ""sofa-bed"", ""count"": 1}]",3,13500.00,13500.00,https://ostrovok.ru/hotel/russia/western_siberia_irkutsk_oblast_multi/mid10438999/baza_otdykha_gostiny_dvor_vdokhnovenie
mini_hotel_baikal,7864494,Двухместный номер Economy (общая ванная комната) (2 отдельные кровати),3101402,2,1,2 отдельные кровати,"[""2 отдельные кровати""]","[""twin""]","[{""bed"": ""single"", ""count"": 2}]",2,3500.00,3500.00,https://ostrovok.ru/hotel/russia/western_siberia_irkutsk_oblast_multi/mid7864494/mini_hotel_baikal
yakovlev_hotel,8742012,Двухместный номер Standard (2 отдельные кровати),3202402,4,6,2 отдельные кровати,"[""2 отдельные кровати""]","[""twin""]","[{""bed"": ""single"", ""count"": 2}]",2,4138.00,5500.00,https://ostrovok.ru/hotel/russia/western_siberia_irkutsk_oblast_multi/mid8742012/yakovlev_hotel
yakovlev_hotel,8742012,Двухместный номер Standard (двуспальная кровать),3202302,4,1,двуспальная кровать,"[""двуспальная кровать""]","[""double""]","[{""bed"": ""double"", ""count"": 1}]",2,4138.00,5500.00,https://ostrovok.ru/hotel/russia/western_siberia_irkutsk_oblast_multi/mid8742012/yakovlev_hotel
yakovlev_hotel,8742012,Трёхместный семейный номер Standard (двуспальная кровать и односпальная кровать),3202013,8,1,двуспальная кровать и односпальная кровать,"[""двуспальная кровать"", ""односпальная кровать""]","[""double""]","[{""bed"": ""double"", ""count"": 1}, {""bed"": ""single"", ""count"": 1}]",2,4546.00,5750.00,https://ostrovok.ru/hotel/russia/western_siberia_irkutsk_oblast_multi/mid8742012/yakovlev_hotel
yakovlev_hotel,8742012,Трёхместные апартаменты,6002003,5,1,,,"[""nobedding""]",,3,5643.00,7500.00,https://ostrovok.ru/hotel/russia/western_siberia_irkutsk_oblast_multi/mid8742012/yakovlev_hotel
inn_business_hall,8735100,Двухместный номер Standard с красивым видом из окна (2 отдельные кровати),3202402000U,2,8,2 отдельные кровати,"[""2 отдельные кровати""]","[""twin""]","[{""bed"": ""single"", ""count"": 2}]",2,4420.00,5050.00,https://ostrovok.ru/hotel/russia/western_siberia_irkutsk_oblast_multi/mid8735100/inn_business_hall
inn_business_hall,8735100,Двухместный номер улучшенный стандартный (2 отдельные кровати),3502402,2,2,2 отдельные кровати,"[""2 отдельные кровати""]","[""twin""]","[{""bed"": ""single"", ""count"": 2}]",2,4471.00,5260.00,https://ostrovok.ru/hotel/russia/western_siberia_irkutsk_oblast_multi/mid8735100/inn_business_hall
inn_business_hall,8735100,Двухместный люкс с видом на город (двуспальная кровать),50023020005,3,2,двуспальная кровать,"[""двуспальная кровать""]","[""double""]","[{""bed"": ""double"", ""count"": 1}]",2,7050.00,8730.00,https://ostrovok.ru/hotel/russia/western_siberia_irkutsk_oblast_multi/mid8735100/inn_business_hall
inn_business_hall,8735100,Двухместный номер Deluxe с видом на город (двуспальная кровать),36023020005,2,2,двуспальная кровать,"[""двуспальная кровать""]","[""double""]","[{""bed"": ""double"", ""count"": 1}]",2,7680.00,8100.00,https://ostrovok.ru/hotel/russia/western_siberia_irkutsk_oblast_multi/mid8735100/inn_business_hall
atlas_hotel_3,7883850,Двухместный номер Стандарт (2 отдельные кровати),3202402,2,2,2 отдельные кровати,"[""2 отдельные кровати""]","[""twin""]","[{""bed"": ""single"", ""count"": 2}]",2,3563.10,3563.10,https://ostrovok.ru/hotel/russia/western_siberia_irkutsk_oblast_multi/mid7883850/atlas_hotel_3
atlas_hotel_3,7883850,Двухместный номер Стандарт (двуспальная кровать),3202302,2,2,двуспальная кровать,"[""двуспальная кровать""]","[""double""]","[{""bed"": ""double"", ""count"": 1}]",2,3563.10,3563.10,https://ostrovok.ru/hotel/russia/western_siberia_irkutsk_oblast_multi/mid7883850/atlas_hotel_3
atlas_hotel_3,7883850,Трёхместный номер Классик,3B02003,2,2,,,"[""nobedding""]",,3,4526.10,4526.10,https://ostrovok.ru/hotel/russia/western_siberia_irkutsk_oblast_multi/mid7883850/atlas_hotel_3
atlas_hotel_3,7883850,Двухместный Джуниор Сюит (двуспальная кровать и диван),4002302,2,2,двуспальная кровать и диван,"[""двуспальная кровать"", ""диван""]","[""double""]","[{""bed"": ""double"", ""count"": 1}, {""bed"": ""sofa-bed"", ""count"": 1}]",3,5489.10,5489.10,https://ostrovok.ru/hotel/russia/western_siberia_irkutsk_oblast_multi/mid7883850/atlas_hotel_3
atlas_hotel_3,7883850,"Джуниор Сюит с сауной (двуспальная кровать) (с сауной, джакузи)",4802,3,1,двуспальная кровать,"[""двуспальная кровать""]","[""double""]","[{""bed"": ""double"", ""count"": 1}]",2,7415.10,8239.00,https://ostrovok.ru/hotel/russia/western_siberia_irkutsk_oblast_multi/mid7883850/atlas_hotel_3
hotel_arakhis,13963961,Номер Standard с видом на город (двуспальная кровать),32020000005,4,1,двуспальная кровать,"[""двуспальная кровать""]","[""double""]","[{""bed"": ""double"", ""count"": 1}]",2,4451.00,4500.00,https://ostrovok.ru/hotel/russia/western_siberia_irkutsk_oblast_multi/mid13963961/hotel_arakhis
hotel_arakhis,13963961,Семейный номер Standard с видом на город (2 отдельные кровати и двуспальная кровать),32020100005,4,1,2 отдельные кровати и двуспальная кровать,"[""2 отдельные кровати"", ""двуспальная кровать""]","[""double""]","[{""bed"": ""double"", ""count"": 1}, {""bed"": ""single"", ""count"": 2}]",4,7418.00,7500.00,https://ostrovok.ru/hotel/russia/western_siberia_irkutsk_oblast_multi/mid13963961/hotel_arakhis
apartamentyi_v_irkutske,9993445,Двухместный номер Standard (общая ванная комната) (двуспальная кровать),3201302,2,1,двуспальная кровать,"[""двуспальная кровать""]","[""double""]","[{""bed"": ""double"", ""count"": 1}]",2,1582.00,1600.00,https://ostrovok.ru/hotel/russia/western_siberia_irkutsk_oblast_multi/mid9993445/apartamentyi_v_irkutske
baykal_guest_house_3,13308043,Двухместный номер Economy с видом на внутренний двор (2 отдельные кровати),31024020006,2,1,2 отдельные кровати,"[""2 отдельные кровати""]","[""twin""]","[{""bed"": ""single"", ""count"": 2}]",2,2572.00,2600.00,https://ostrovok.ru/hotel/russia/western_siberia_irkutsk_oblast_multi/mid13308043/baykal_guest_house_3
baykal_guest_house_3,13308043,Двухместный номер Standard (2 отдельные кровати),3202402,2,2,2 отдельные кровати,"[""2 отдельные кровати""]","[""twin""]","[{""bed"": ""single"", ""count"": 2}]",2,2572.00,2600.00,https://ostrovok.ru/hotel/russia/western_siberia_irkutsk_oblast_multi/mid13308043/baykal_guest_house_3
baykal_guest_house_3,13308043,Трёхместный семейный номер Classic с видом на озеро (двуспальная кровать и односпальная кровать),3B02013000D,2,2,двуспальная кровать и односпальная кровать,"[""двуспальная кровать"", ""односпальная кровать""]","[""double""]","[{""bed"": ""double"", ""count"": 1}, {""bed"": ""single"", ""count"": 1}]",2,2770.00,2800.00,https://ostrovok.ru/hotel/russia/western_siberia_irkutsk_oblast_multi/mid13308043/baykal_guest_house_3
baykal_guest_house_3,13308043,Трёхместный номер Standard с видом на озеро (3 отдельные кровати),3202003000D,2,5,3 отдельные кровати,"[""3 отдельные кровати""]","[""nobedding""]","[{""bed"": ""single"", ""count"": 3}]",3,2770.00,2800.00,https://ostrovok.ru/hotel/russia/western_siberia_irkutsk_oblast_multi/mid13308043/baykal_guest_house_3
baykal_guest_house_3,13308043,Двухместный номер Standard с видом на озеро (двуспальная кровать),3202302000D,2,3,двуспальная кровать,"[""двуспальная кровать""]","[""double""]","[{""bed"": ""double"", ""count"": 1}]",2,2770.00,2800.00,https://ostrovok.ru/hotel/russia/western_siberia_irkutsk_oblast_multi/mid13308043/baykal_guest_house_3
baykal_guest_house_3,13308043,Кровать в общем номере с видом на внутренний двор (общая ванная комната) (4 кровати),10010000006,2,4,,,"[""nobedding""]",,1,3463.00,3500.00,https://ostrovok.ru/hotel/russia/western_siberia_irkutsk_oblast_multi/mid13308043/baykal_guest_house_3
malinovka_3,9079016,Двухместный номер Economy с балконом и с красивым видом из окна (общая ванная комната) (двуспальная кровать),3101302001U,1,1,двуспальная кровать,"[""двуспальная кровать""]","[""double""]","[{""bed"": ""double"", ""count"": 1}]",2,2473.00,2473.00,https://ostrovok.ru/hotel/russia/western_siberia_irkutsk_oblast_multi/mid9079016/malinovka_3
malinovka_3,9079016,Двухместный номер Economy с балконом и с видом на озеро (общая ванная комната) (2 отдельные кровати),3101402001D,1,1,2 отдельные кровати,"[""2 отдельные кровати""]","[""twin""]","[{""bed"": ""single"", ""count"": 2}]",2,2473.00,2473.00,https://ostrovok.ru/hotel/russia/western_siberia_irkutsk_oblast_multi/mid9079016/malinovka_3
malinovka_3,9079016,Семейный номер Superior с балконом и с видом на озеро,3502010001D,1,1,,,"[""nobedding""]",,3,4452.00,4452.00,https://ostrovok.ru/hotel/russia/western_siberia_irkutsk_oblast_multi/mid9079016/malinovka_3
malinovka_3,9079016,Четырёхместный номер Superior с видом на озеро,3502004000D,1,1,,,"[""nobedding""]",,4,5937.00,5937.00,https://ostrovok.ru/hotel/russia/western_siberia_irkutsk_oblast_multi/mid9079016/malinovka_3
bajkal_hotel,7965294,Двухместный номер Deluxe (двуспальная кровать) (кровать king size),3602302,2,3,двуспальная кровать,"[""двуспальная кровать""]","[""double""]","[{""bed"": ""double"", ""count"": 1}]",2,11500.00,11500.00,https://ostrovok.ru/hotel/russia/western_siberia_irkutsk_oblast_multi/mid7965294/bajkal_hotel
bajkal_hotel,7965294,Двухместный номер Deluxe (2 отдельные кровати),3602402,2,7,2 отдельные кровати,"[""2 отдельные кровати""]","[""twin""]","[{""bed"": ""single"", ""count"": 2}]",2,11500.00,11500.00,https://ostrovok.ru/hotel/russia/western_siberia_irkutsk_oblast_multi/mid7965294/bajkal_hotel
bajkal_hotel,7965294,Двухместный номер Deluxe с видом на озеро (2 отдельные кровати),3602402000D,2,6,2 отдельные кровати,"[""2 отдельные кровати""]","[""twin""]","[{""bed"": ""single"", ""count"": 2}]",2,13500.00,13500.00,https://ostrovok.ru/hotel/russia/western_siberia_irkutsk_oblast_multi/mid7965294/bajkal_hotel
bajkal_hotel,7965294,Двухместный номер Deluxe с видом на озеро (двуспальная кровать) (кровать king size),3602302000D,2,3,двуспальная кровать,"[""двуспальная кровать""]","[""double""]","[{""bed"": ""double"", ""count"": 1}]",2,13500.00,13500.00,https://ostrovok.ru/hotel/russia/western_siberia_irkutsk_oblast_multi/mid7965294/bajkal_hotel
bajkal_hotel,7965294,Люкс,5002,2,1,,,"[""nobedding""]",,1,33000.00,33000.00,https://ostrovok.ru/hotel/russia/western_siberia_irkutsk_oblast_multi/mid7965294/bajkal_hotel
dohodnyij_dom_listratvoj_butikhotel,9024017,Одноместный номер Standard (односпальная кровать),3202001,3,3,односпальная кровать,"[""односпальная кровать""]","[""nobedding""]","[{""bed"": ""single"", ""count"": 1}]",1,3885.00,4160.00,https://ostrovok.ru/hotel/russia/western_siberia_irkutsk_oblast_multi/mid9024017/dohodnyij_dom_listratvoj_butikhotel
dohodnyij_dom_listratvoj_butikhotel,9024017,Двухместный номер Standard (2 отдельные кровати),3202402,3,1,2 отдельные кровати,"[""2 отдельные кровати""]","[""twin""]","[{""bed"": ""single"", ""count"": 2}]",2,4440.00,4760.00,https://ostrovok.ru/hotel/russia/western_siberia_irkutsk_oblast_multi/mid9024017/dohodnyij_dom_listratvoj_butikhotel
dohodnyij_dom_listratvoj_butikhotel,9024017,Двухместный номер Comfort (2 отдельные кровати),3302402,3,2,2 отдельные кровати,"[""2 отдельные кровати""]","[""twin""]","[{""bed"": ""single"", ""count"": 2}]",2,4995.00,5360.00,https://ostrovok.ru/hotel/russia/western_siberia_irkutsk_oblast_multi/mid9024017/dohodnyij_dom_listratvoj_butikhotel
dohodnyij_dom_listratvoj_butikhotel,9024017,Двухместный номер Comfort (двуспальная кровать),3302302,3,1,двуспальная кровать,"[""двуспальная кровать""]","[""double""]","[{""bed"": ""double"", ""count"": 1}]",2,4995.00,5360.00,https://ostrovok.ru/hotel/russia/western_siberia_irkutsk_oblast_multi/mid9024017/dohodnyij_dom_listratvoj_butikhotel
dohodnyij_dom_listratvoj_butikhotel,9024017,Двухместный полулюкс (двуспальная кровать) (кровать king size),4002302,3,1,двуспальная кровать,"[""двуспальная кровать""]","[""double""]","[{""bed"": ""double"", ""count"": 1}]",2,5550.00,5960.00,https://ostrovok.ru/hotel/russia/western_siberia_irkutsk_oblast_multi/mid9024017/dohodnyij_dom_listratvoj_butikhotel
dohodnyij_dom_listratvoj_butikhotel,9024017,Двухместный люкс с 2 комнатами (двуспальная кровать и диван),500230202,3,2,двуспальная кровать и диван,"[""двуспальная кровать"", ""диван""]","[""double""]","[{""bed"": ""double"", ""count"": 1}, {""bed"": ""sofa-bed"", ""count"": 1}]",3,6105.00,6560.00,https://ostrovok.ru/hotel/russia/western_siberia_irkutsk_oblast_multi/mid9024017/dohodnyij_dom_listratvoj_butikhotel
angara_hotel,7806182,Одноместный номер Стандарт (односпальная кровать),3202001,4,8,односпальная кровать,"[""односпальная кровать""]","[""nobedding""]","[{""bed"": ""single"", ""count"": 1}]",1,5250.00,5500.00,https://ostrovok.ru/hotel/russia/western_siberia_irkutsk_oblast_multi/mid7806182/angara_hotel
angara_hotel,7806182,Одноместный номер Стандарт + (односпальная кровать),3402001,4,14,односпальная кровать,"[""односпальная кровать""]","[""nobedding""]","[{""bed"": ""single"", ""count"": 1}]",1,5750.00,6000.00,https://ostrovok.ru/hotel/russia/western_siberia_irkutsk_oblast_multi/mid7806182/angara_hotel
angara_hotel,7806182,Двухместный номер Стандарт (2 отдельные кровати),3202402,4,6,2 отдельные кровати,"[""2 отдельные кровати""]","[""twin""]","[{""bed"": ""single"", ""count"": 2}]",2,6050.00,7100.00,https://ostrovok.ru/hotel/russia/western_siberia_irkutsk_oblast_multi/mid7806182/angara_hotel
angara_hotel,7806182,Двухместный номер Стандарт + (двуспальная кровать),3402302,4,7,двуспальная кровать,"[""двуспальная кровать""]","[""double""]","[{""bed"": ""double"", ""count"": 1}]",2,6650.00,6900.00,https://ostrovok.ru/hotel/russia/western_siberia_irkutsk_oblast_multi/mid7806182/angara_hotel
angara_hotel,7806182,Двухместный номер Стандарт + (2 отдельные кровати),3402402,4,17,2 отдельные кровати,"[""2 отдельные кровати""]","[""twin""]","[{""bed"": ""single"", ""count"": 2}]",2,6650.00,6900.00,https://ostrovok.ru/hotel/russia/western_siberia_irkutsk_oblast_multi/mid7806182/angara_hotel
angara_hotel,7806182,Двухместный Джуниор Сюит (двуспальная кровать) (кровать queen size),4002302,4,5,двуспальная кровать,"[""двуспальная кровать""]","[""double""]","[{""bed"": ""double"", ""count"": 1}]",2,7850.00,8100.00,https://ostrovok.ru/hotel/russia/western_siberia_irkutsk_oblast_multi/mid7806182/angara_hotel
history_boutiquehotel,9741097,Двухместный номер Классик с балконом (двуспальная кровать),3B02302001,2,10,двуспальная кровать,"[""двуспальная кровать""]","[""double""]","[{""bed"": ""double"", ""count"": 1}]",2,22443.75,23625.00,https://ostrovok.ru/hotel/russia/western_siberia_irkutsk_oblast_multi/mid9741097/history_boutiquehotel
history_boutiquehotel,9741097,Двухместный номер Классик с балконом (2 отдельные кровати),3B02402001,2,10,2 отдельные кровати,"[""2 отдельные кровати""]","[""twin""]","[{""bed"": ""single"", ""count"": 2}]",2,22443.75,23625.00,https://ostrovok.ru/hotel/russia/western_siberia_irkutsk_oblast_multi/mid9741097/history_boutiquehotel
history_boutiquehotel,9741097,Двухместный номер Комфорт с балконом (двуспальная кровать),3302302001,2,5,двуспальная кровать,"[""двуспальная кровать""]","[""double""]","[{""bed"": ""double"", ""count"": 1}]",2,24438.75,25725.00,https://ostrovok.ru/hotel/russia/western_siberia_irkutsk_oblast_multi/mid9741097/history_boutiquehotel
history_boutiquehotel,9741097,Двухместный номер Комфорт с балконом (2 отдельные кровати),3302402001,2,5,2 отдельные кровати,"[""2 отдельные кровати""]","[""twin""]","[{""bed"": ""single"", ""count"": 2}]",2,24438.75,25725.00,https://ostrovok.ru/hotel/russia/western_siberia_irkutsk_oblast_multi/mid9741097/history_boutiquehotel
history_boutiquehotel,9741097,Двухместный полулюкс Бизнес с балконом (двуспальная кровать) (кровать king size),4402302001,2,2,двуспальная кровать,"[""двуспальная кровать""]","[""double""]","[{""bed"": ""double"", ""count"": 1}]",2,28428.75,29925.00,https://ostrovok.ru/hotel/russia/western_siberia_irkutsk_oblast_multi/mid9741097/history_boutiquehotel
history_boutiquehotel,9741097,"Двухместный полулюкс Романтик с балконом (двуспальная кровать) (кровать king size, ванна)",4E02302001,2,2,двуспальная кровать,"[""двуспальная кровать""]","[""double""]","[{""bed"": ""double"", ""count"": 1}]",2,32418.75,34125.00,https://ostrovok.ru/hotel/russia/western_siberia_irkutsk_oblast_multi/mid9741097/history_boutiquehotel
history_boutiquehotel,9741097,Двухместный люкс Премьер с балконом (двуспальная кровать) (кровать king size),5702302001,2,2,двуспальная кровать,"[""двуспальная кровать""]","[""double""]","[{""bed"": ""double"", ""count"": 1}]",2,38403.75,40425.00,https://ostrovok.ru/hotel/russia/western_siberia_irkutsk_oblast_multi/mid9741097/history_boutiquehotel
history_boutiquehotel,9741097,Двухместный полулюкс Президент с балконом (двуспальная кровать) (кровать king size),4902302001,2,1,двуспальная кровать,"[""двуспальная кровать""]","[""double""]","[{""bed"": ""double"", ""count"": 1}]",2,64837.50,68250.00,https://ostrovok.ru/hotel/russia/western_siberia_irkutsk_oblast_multi/mid9741097/history_boutiquehotel
hotel_nikola_2,8748287,Двухместный полулюкс с красивым видом из окна (2 отдельные кровати),4002402000U,2,2,2 отдельные кровати,"[""2 отдельные кровати""]","[""twin""]","[{""bed"": ""single"", ""count"": 2}]",2,9385.00,9500.00,https://ostrovok.ru/hotel/russia/western_siberia_irkutsk_oblast_multi/mid8748287/hotel_nikola_2
hotel_nikola_2,8748287,Двухместный полулюкс с красивым видом из окна (двуспальная кровать),4002302000U,2,2,двуспальная кровать,"[""двуспальная кровать""]","[""double""]","[{""bed"": ""double"", ""count"": 1}]",2,9385.00,9500.00,https://ostrovok.ru/hotel/russia/western_siberia_irkutsk_oblast_multi/mid8748287/hotel_nikola_2
hotel_nikola_2,8748287,Двухместный люкс с балконом и с красивым видом из окна (двуспальная кровать и диван),5002302001U,2,1,двуспальная кровать и диван,"[""двуспальная кровать"", ""диван""]","[""double""]","[{""bed"": ""double"", ""count"": 1}, {""bed"": ""sofa-bed"", ""count"": 1}]",3,12349.00,12500.00,https://ostrovok.ru/hotel/russia/western_siberia_irkutsk_oblast_multi/mid8748287/hotel_nikola_2
hotel_nikola_2,8748287,Двухместный люкс с балконом и с красивым видом из окна (2 отдельные кровати и диван),5002402001U,2,1,2 отдельные кровати и диван,"[""2 отдельные кровати"", ""диван""]","[""sofa-bed""]","[{""bed"": ""single"", ""count"": 2}, {""bed"": ""sofa-bed"", ""count"": 1}]",3,12349.00,12500.00,https://ostrovok.ru/hotel/russia/western_siberia_irkutsk_oblast_multi/mid8748287/hotel_nikola_2
hotel_nikola_2,8748287,Двухместный полулюкс Premium с видом на озеро (2 отдельные кровати),4A02402000D,2,2,2 отдельные кровати,"[""2 отдельные кровати""]","[""twin""]","[{""bed"": ""single"", ""count"": 2}]",2,14819.00,15000.00,https://ostrovok.ru/hotel/russia/western_siberia_irkutsk_oblast_multi/mid8748287/hotel_nikola_2
victory_hotel_4,8457230,Двухместная студия (двуспальная кровать),7002302,4,1,двуспальная кровать,"[""двуспальная кровать""]","[""double""]","[{""bed"": ""double"", ""count"": 1}]",2,5600.00,7100.00,https://ostrovok.ru/hotel/russia/western_siberia_irkutsk_oblast_multi/mid8457230/victory_hotel_4
matreshka_hotel,6332937,Одноместный номер Standard (односпальная кровать),3202001,4,6,односпальная кровать,"[""односпальная кровать""]","[""nobedding""]","[{""bed"": ""single"", ""count"": 1}]",1,4499.00,5043.00,https://ostrovok.ru/hotel/russia/western_siberia_irkutsk_oblast_multi/mid6332937/matreshka_hotel
matreshka_hotel,6332937,Двухместный номер Standard (2 отдельные кровати),3202402,4,3,2 отдельные кровати,"[""2 отдельные кровати""]","[""twin""]","[{""bed"": ""single"", ""count"": 2}]",2,4560.00,5104.50,https://ostrovok.ru/hotel/russia/western_siberia_irkutsk_oblast_multi/mid6332937/matreshka_hotel
matreshka_hotel,6332937,Двухместный номер Standard (двуспальная кровать),3202302,4,3,двуспальная кровать,"[""двуспальная кровать""]","[""double""]","[{""bed"": ""double"", ""count"": 1}]",2,4560.00,5104.50,https://ostrovok.ru/hotel/russia/western_siberia_irkutsk_oblast_multi/mid6332937/matreshka_hotel
matreshka_hotel,6332937,Одноместный номер Comfort (односпальная кровать),3302001,4,1,односпальная кровать,"[""односпальная кровать""]","[""nobedding""]","[{""bed"": ""single"", ""count"": 1}]",1,4621.00,5166.00,https://ostrovok.ru/hotel/russia/western_siberia_irkutsk_oblast_multi/mid6332937/matreshka_hotel
matreshka_hotel,6332937,Двухместный номер Comfort (2 отдельные кровати),3302402,4,1,2 отдельные кровати,"[""2 отдельные кровати""]","[""twin""]","[{""bed"": ""single"", ""count"": 2}]",2,5229.00,6273.00,https://ostrovok.ru/hotel/russia/western_siberia_irkutsk_oblast_multi/mid6332937/matreshka_hotel
matreshka_hotel,6332937,Двухместный номер Comfort (двуспальная кровать),3302302,4,1,двуспальная кровать,"[""двуспальная кровать""]","[""double""]","[{""bed"": ""double"", ""count"": 1}]",2,5229.00,6273.00,https://ostrovok.ru/hotel/russia/western_siberia_irkutsk_oblast_multi/mid6332937/matreshka_hotel
minihotel_albatros,6481029,Трёхместный номер Standard,3202003,7,2,,,"[""nobedding""]",,3,2833.00,3495.00,https://ostrovok.ru/hotel/russia/western_siberia_irkutsk_oblast_multi/mid6481029/minihotel_albatros
minihotel_albatros,6481029,Четырёхместный номер Economy,3102004,6,1,,,"[""nobedding""]",,4,2833.00,3420.00,https://ostrovok.ru/hotel/russia/western_siberia_irkutsk_oblast_multi/mid6481029/minihotel_albatros
minihotel_albatros,6481029,Трёхместный номер Economy (3 отдельные кровати),3102003,4,2,3 отдельные кровати,"[""3 отдельные кровати""]","[""nobedding""]","[{""bed"": ""single"", ""count"": 3}]",3,2869.00,3400.00,https://ostrovok.ru/hotel/russia/western_siberia_irkutsk_oblast_multi/mid6481029/minihotel_albatros
gostinitsa_solntse,7818100,Номер Economy (диван),3102,2,1,диван,"[""диван""]","[""sofa-bed""]","[{""bed"": ""sofa-bed"", ""count"": 1}]",1,11523.00,11650.00,https://ostrovok.ru/hotel/russia/western_siberia_irkutsk_oblast_multi/mid7818100/gostinitsa_solntse
gostinitsa_solntse,7818100,Студия с видом на город (диван),70020000005,2,1,диван,"[""диван""]","[""sofa-bed""]","[{""bed"": ""sofa-bed"", ""count"": 1}]",1,16320.00,16500.00,https://ostrovok.ru/hotel/russia/western_siberia_irkutsk_oblast_multi/mid7818100/gostinitsa_solntse
gostinitsa_ustilim,7026078,Одноместный номер Эконом (общая ванная комната),3101001,3,1,,,"[""nobedding""]",,1,1108.00,1884.00,https://ostrovok.ru/hotel/russia/western_siberia_irkutsk_oblast_multi/mid7026078/gostinitsa_ustilim
gostinitsa_ustilim,7026078,Двухместный номер Эконом (общая ванная комната) (2 отдельные кровати),3101402,1,1,2 отдельные кровати,"[""2 отдельные кровати""]","[""twin""]","[{""bed"": ""single"", ""count"": 2}]",2,2190.00,2190.00,https://ostrovok.ru/hotel/russia/western_siberia_irkutsk_oblast_multi/mid7026078/gostinitsa_ustilim
gostinitsa_ustilim,7026078,Одноместный номер Улучшенный стандарт,3502001,2,1,,,"[""nobedding""]",,1,4600.00,4953.00,https://ostrovok.ru/hotel/russia/western_siberia_irkutsk_oblast_multi/mid7026078/gostinitsa_ustilim
gostinitsa_ustilim,7026078,Одноместный номер Улучшенный комфорт,3402001,4,5,,,"[""nobedding""]",,1,6000.00,8398.00,https://ostrovok.ru/hotel/russia/western_siberia_irkutsk_oblast_multi/mid7026078/gostinitsa_ustilim
gostinitsa_ustilim,7026078,Двухместный люкс Superior (двуспальная кровать),5502302,2,1,двуспальная кровать,"[""двуспальная кровать""]","[""double""]","[{""bed"": ""double"", ""count"": 1}]",2,9100.00,9797.00,https://ostrovok.ru/hotel/russia/western_siberia_irkutsk_oblast_multi/mid7026078/gostinitsa_ustilim
gostinitsa_ustilim,7026078,Одноместный номер Комфорт,3302001,2,5,,,"[""nobedding""]",,1,9100.00,9797.00,https://ostrovok.ru/hotel/russia/western_siberia_irkutsk_oblast_multi/mid7026078/gostinitsa_ustilim
gostinitsa_ustilim,7026078,Двухместный люкс (двуспальная кровать),5002302,2,3,двуспальная кровать,"[""двуспальная кровать""]","[""double""]","[{""bed"": ""double"", ""count"": 1}]",2,9100.00,9797.00,https://ostrovok.ru/hotel/russia/western_siberia_irkutsk_oblast_multi/mid7026078/gostinitsa_ustilim
ibis_irkutsk_center,8734978,Двухместный номер Superior (2 отдельные кровати),3502402,2,1,2 отдельные кровати,"[""2 отдельные кровати""]","[""twin""]","[{""bed"": ""single"", ""count"": 2}]",2,11250.00,11250.00,https://ostrovok.ru/hotel/russia/western_siberia_irkutsk_oblast_multi/mid8734978/ibis_irkutsk_center
ibis_irkutsk_center,8734978,Люкс с 2 комнатами (двуспальная кровать и диван),500200002,2,1,двуспальная кровать и диван,"[""двуспальная кровать"", ""диван""]","[""double""]","[{""bed"": ""double"", ""count"": 1}, {""bed"": ""sofa-bed"", ""count"": 1}]",3,17250.00,17250.00,https://ostrovok.ru/hotel/russia/western_siberia_irkutsk_oblast_multi/mid8734978/ibis_irkutsk_center
vera_baikal,13308776,Двухместный номер Стандартный (двуспальная кровать),3202302,2,4,двуспальная кровать,"[""двуспальная кровать""]","[""double""]","[{""bed"": ""double"", ""count"": 1}]",2,7400.00,9405.00,https://ostrovok.ru/hotel/russia/western_siberia_irkutsk_oblast_multi/mid13308776/vera_baikal
vera_baikal,13308776,Двухместный номер Стандартный (2 отдельные кровати),3202402,2,4,2 отдельные кровати,"[""2 отдельные кровати""]","[""twin""]","[{""bed"": ""single"", ""count"": 2}]",2,7400.00,9405.00,https://ostrovok.ru/hotel/russia/western_siberia_irkutsk_oblast_multi/mid13308776/vera_baikal
vera_baikal,13308776,Двухместный полулюкс Делюкс (2 отдельные кровати),4602402,2,1,2 отдельные кровати,"[""2 отдельные кровати""]","[""twin""]","[{""bed"": ""single"", ""count"": 2}]",2,8400.00,10450.00,https://ostrovok.ru/hotel/russia/western_siberia_irkutsk_oblast_multi/mid13308776/vera_baikal
vera_baikal,13308776,Двухместный полулюкс Делюкс (двуспальная кровать),4602302,2,1,двуспальная кровать,"[""двуспальная кровать""]","[""double""]","[{""bed"": ""double"", ""count"": 1}]",2,8400.00,10450.00,https://ostrovok.ru/hotel/russia/western_siberia_irkutsk_oblast_multi/mid13308776/vera_baikal
vera_baikal,13308776,Двухместные апартаменты улучшенные Дуплекс (двуспальная кровать),650230200002,2,8,двуспальная кровать,"[""двуспальная кровать""]","[""double""]","[{""bed"": ""double"", ""count"": 1}]",2,9500.00,11400.00,https://ostrovok.ru/hotel/russia/western_siberia_irkutsk_oblast_multi/mid13308776/vera_baikal
vera_baikal,13308776,Двухместный люкс с видом на озеро (двуспальная кровать) (кресло-кровать),5002302000D,2,2,двуспальная кровать,"[""двуспальная кровать""]","[""chair-bed""]","[{""bed"": ""double"", ""count"": 1}, {""bed"": ""chair-bed"", ""count"": 1}]",2,20700.00,21090.00,https://ostrovok.ru/hotel/russia/western_siberia_irkutsk_oblast_multi/mid13308776/vera_baikal
archi_apt_apartments,10211904,Двухместный номер Economy Дуплекс с видом на город (двуспальная кровать),310230200052,2,1,двуспальная кровать,"[""двуспальная кровать""]","[""double""]","[{""bed"": ""double"", ""count"": 1}]",2,3435.00,3456.00,https://ostrovok.ru/hotel/russia/western_siberia_irkutsk_oblast_multi/mid10211904/archi_apt_apartments
archi_apt_apartments,10211904,Двухместный номер Standard с видом на внутренний двор (двуспальная кровать),32023020006,3,1,двуспальная кровать,"[""двуспальная кровать""]","[""double""]","[{""bed"": ""double"", ""count"": 1}]",2,3807.00,3990.00,https://ostrovok.ru/hotel/russia/western_siberia_irkutsk_oblast_multi/mid10211904/archi_apt_apartments
city_park_hotel_13,9987117,Номер Economy с красивым видом из окна (общая ванная комната) (двуспальная кровать),3101000000U,2,2,двуспальная кровать,"[""двуспальная кровать""]","[""double""]","[{""bed"": ""double"", ""count"": 1}]",2,2189.00,2200.00,https://ostrovok.ru/hotel/russia/western_siberia_irkutsk_oblast_multi/mid9987117/city_park_hotel_13
city_park_hotel_13,9987117,Номер Standard с красивым видом из окна (двуспальная кровать),3202000000U,2,2,двуспальная кровать,"[""двуспальная кровать""]","[""double""]","[{""bed"": ""double"", ""count"": 1}]",2,2488.00,2500.00,https://ostrovok.ru/hotel/russia/western_siberia_irkutsk_oblast_multi/mid9987117/city_park_hotel_13
city_park_hotel_13,9987117,Номер Comfort с видом на город (двуспальная кровать),33020000005,2,2,двуспальная кровать,"[""двуспальная кровать""]","[""double""]","[{""bed"": ""double"", ""count"": 1}]",2,2687.00,2700.00,https://ostrovok.ru/hotel/russia/western_siberia_irkutsk_oblast_multi/mid9987117/city_park_hotel_13
city_park_hotel_13,9987117,Полулюкс Comfort с красивым видом из окна (двуспальная кровать),4302000000U,2,2,двуспальная кровать,"[""двуспальная кровать""]","[""double""]","[{""bed"": ""double"", ""count"": 1}]",2,2687.00,2700.00,https://ostrovok.ru/hotel/russia/western_siberia_irkutsk_oblast_multi/mid9987117/city_park_hotel_13
city_park_hotel_13,9987117,Номер Deluxe с балконом и с видом на город (двуспальная кровать),36020000015,2,1,двуспальная кровать,"[""двуспальная кровать""]","[""double""]","[{""bed"": ""double"", ""count"": 1}]",2,2886.00,2900.00,https://ostrovok.ru/hotel/russia/western_siberia_irkutsk_oblast_multi/mid9987117/city_park_hotel_13
olkhonstory_guest_house,8876953,Номер Standard с балконом (2 отдельные кровати),3202000001,2,4,2 отдельные кровати,"[""2 отдельные кровати""]","[""twin""]","[{""bed"": ""single"", ""count"": 2}]",2,9430.00,9500.00,https://ostrovok.ru/hotel/russia/western_siberia_irkutsk_oblast_multi/mid8876953/olkhonstory_guest_house
olkhonstory_guest_house,8876953,Двухместный номер Standard с балконом (двуспальная кровать),3202302001,2,4,двуспальная кровать,"[""двуспальная кровать""]","[""double""]","[{""bed"": ""double"", ""count"": 1}]",2,9430.00,9500.00,https://ostrovok.ru/hotel/russia/western_siberia_irkutsk_oblast_multi/mid8876953/olkhonstory_guest_house
otel_tsentral,8748836,Двухместный номер Standard (двуспальная кровать) (тип кровати может измениться),3202302,2,2,двуспальная кровать,"[""двуспальная кровать""]","[""double""]","[{""bed"": ""double"", ""count"": 1}]",2,9500.00,9500.00,https://ostrovok.ru/hotel/russia/western_siberia_irkutsk_oblast_multi/mid8748836/otel_tsentral
otel_tsentral,8748836,Двухместный номер Standard (2 отдельные кровати) (тип кровати может измениться),3202402,2,2,2 отдельные кровати,"[""2 отдельные кровати""]","[""twin""]","[{""bed"": ""single"", ""count"": 2}]",2,9500.00,9500.00,https://ostrovok.ru/hotel/russia/western_siberia_irkutsk_oblast_multi/mid8748836/otel_tsentral
dauria_hotel_2,7685971,Двухместный номер Standard (двуспальная кровать),3202302,1,8,двуспальная кровать,"[""двуспальная кровать""]","[""double""]","[{""bed"": ""double"", ""count"": 1}]",2,5500.00,5500.00,https://ostrovok.ru/hotel/russia/western_siberia_irkutsk_oblast_multi/mid7685971/dauria_hotel_2
dauria_hotel_2,7685971,Двухместный номер Standard (2 отдельные кровати),3202402,1,8,2 отдельные кровати,"[""2 отдельные кровати""]","[""twin""]","[{""bed"": ""single"", ""count"": 2}]",2,5500.00,5500.00,https://ostrovok.ru/hotel/russia/western_siberia_irkutsk_oblast_multi/mid7685971/dauria_hotel_2
dauria_hotel_2,7685971,Апартаменты (2 отдельные кровати и двуспальная кровать),6002,2,1,2 отдельные кровати и двуспальная кровать,"[""2 отдельные кровати"", ""двуспальная кровать""]","[""double""]","[{""bed"": ""double"", ""count"": 1}, {""bed"": ""single"", ""count"": 2}]",4,14000.00,14000.00,https://ostrovok.ru/hotel/russia/western_siberia_irkutsk_oblast_multi/mid7685971/dauria_hotel_2
legend_of_baikal,7776712,Двухместный номер Standard (2 отдельные кровати),3202402,2,4,2 отдельные кровати,"[""2 отдельные кровати""]","[""twin""]","[{""bed"": ""single"", ""count"": 2}]",2,9375.00,9375.00,https://ostrovok.ru/hotel/russia/western_siberia_irkutsk_oblast_multi/mid7776712/legend_of_baikal
legend_of_baikal,7776712,Двухместный номер Superior с балконом и с видом на море (2 отдельные кровати),3502402001O,2,3,2 отдельные кровати,"[""2 отдельные кровати""]","[""twin""]","[{""bed"": ""single"", ""count"": 2}]",2,10625.00,10625.00,https://ostrovok.ru/hotel/russia/western_siberia_irkutsk_oblast_multi/mid7776712/legend_of_baikal
legend_of_baikal,7776712,Двухместный номер Superior с балконом и с видом на море (двуспальная кровать),3502302001O,2,4,двуспальная кровать,"[""двуспальная кровать""]","[""double""]","[{""bed"": ""double"", ""count"": 1}]",2,10625.00,10625.00,https://ostrovok.ru/hotel/russia/western_siberia_irkutsk_oblast_multi/mid7776712/legend_of_baikal
legend_of_baikal,7776712,Двухместный номер Standard (двуспальная кровать),3202302,2,4,двуспальная кровать,"[""двуспальная кровать""]","[""double""]","[{""bed"": ""double"", ""count"": 1}]",2,10625.00,10625.00,https://ostrovok.ru/hotel/russia/western_siberia_irkutsk_oblast_multi/mid7776712/legend_of_baikal
legend_of_baikal,7776712,Студия с балконом и с красивым видом из окна (2 отдельные кровати),7002000001U,4,5,2 отдельные кровати,"[""2 отдельные кровати""]","[""twin""]","[{""bed"": ""single"", ""count"": 2}]",2,13125.00,13125.00,https://ostrovok.ru/hotel/russia/western_siberia_irkutsk_oblast_multi/mid7776712/legend_of_baikal
legend_of_baikal,7776712,Двухместный люкс с балконом и с видом на море (двуспальная кровать),5002302001O,2,1,двуспальная кровать,"[""двуспальная кровать""]","[""double""]","[{""bed"": ""double"", ""count"": 1}]",2,15000.00,15000.00,https://ostrovok.ru/hotel/russia/western_siberia_irkutsk_oblast_multi/mid7776712/legend_of_baikal
mayak_hotel_listvyanka,7816262,Двухместный номер Стандарт Эконом (дополнительное здание) (двуспальная кровать) (в дополнительном здании),3402302,1,1,двуспальная кровать,"[""двуспальная кровать""]","[""double""]","[{""bed"": ""double"", ""count"": 1}]",2,7000.00,7000.00,https://ostrovok.ru/hotel/russia/western_siberia_irkutsk_oblast_multi/mid7816262/mayak_hotel_listvyanka
mayak_hotel_listvyanka,7816262,Одноместный номер Стандарт (дополнительное здание) (односпальная кровать) (в дополнительном здании),3202001,1,2,односпальная кровать,"[""односпальная кровать""]","[""nobedding""]","[{""bed"": ""single"", ""count"": 1}]",1,7000.00,7000.00,https://ostrovok.ru/hotel/russia/western_siberia_irkutsk_oblast_multi/mid7816262/mayak_hotel_listvyanka
mayak_hotel_listvyanka,7816262,Двухместный номер Стандарт Эконом (дополнительное здание) (2 отдельные кровати) (в дополнительном здании),3402402,1,2,2 отдельные кровати,"[""2 отдельные кровати""]","[""twin""]","[{""bed"": ""single"", ""count"": 2}]",2,7000.00,7000.00,https://ostrovok.ru/hotel/russia/western_siberia_irkutsk_oblast_multi/mid7816262/mayak_hotel_listvyanka
mayak_hotel_listvyanka,7816262,Одноместный номер Стандарт Классический (главное здание) (односпальная кровать) (в главном здании),3B02201,1,1,односпальная кровать,"[""односпальная кровать""]","[""nobedding""]","[{""bed"": ""single"", ""count"": 1}]",1,7030.00,7030.00,https://ostrovok.ru/hotel/russia/western_siberia_irkutsk_oblast_multi/mid7816262/mayak_hotel_listvyanka
mayak_hotel_listvyanka,7816262,Двухместный номер Стандарт Классический (главное здание) (2 отдельные кровати) (в главном здании),3B02402,1,3,2 отдельные кровати,"[""2 отдельные кровати""]","[""twin""]","[{""bed"": ""single"", ""count"": 2}]",2,7410.00,7410.00,https://ostrovok.ru/hotel/russia/western_siberia_irkutsk_oblast_multi/mid7816262/mayak_hotel_listvyanka
mayak_hotel_listvyanka,7816262,Двухместный номер Стандарт Классический (главное здание) (двуспальная кровать) (в главном здании),3B02302,1,3,двуспальная кровать,"[""двуспальная кровать""]","[""double""]","[{""bed"": ""double"", ""count"": 1}]",2,7410.00,7410.00,https://ostrovok.ru/hotel/russia/western_siberia_irkutsk_oblast_multi/mid7816262/mayak_hotel_listvyanka
mayak_hotel_listvyanka,7816262,Двухместный номер Комфорт (дополнительное здание) (2 отдельные кровати) (в дополнительном здании),3302402,1,1,2 отдельные кровати,"[""2 отдельные кровати""]","[""twin""]","[{""bed"": ""single"", ""count"": 2}]",2,7980.00,7980.00,https://ostrovok.ru/hotel/russia/western_siberia_irkutsk_oblast_multi/mid7816262/mayak_hotel_listvyanka
mayak_hotel_listvyanka,7816262,Двухместный номер Комфорт (дополнительное здание) (двуспальная кровать) (в дополнительном здании),3302302,1,1,двуспальная кровать,"[""двуспальная кровать""]","[""double""]","[{""bed"": ""double"", ""count"": 1}]",2,7980.00,7980.00,https://ostrovok.ru/hotel/russia/western_siberia_irkutsk_oblast_multi/mid7816262/mayak_hotel_listvyanka
mayak_hotel_listvyanka,7816262,Двухместный номер Стандарт улучшенный (главное здание) (двуспальная кровать) (в главном здании),3502302,1,4,двуспальная кровать,"[""двуспальная кровать""]","[""double""]","[{""bed"": ""double"", ""count"": 1}]",2,9310.00,9310.00,https://ostrovok.ru/hotel/russia/western_siberia_irkutsk_oblast_multi/mid7816262/mayak_hotel_listvyanka
mayak_hotel_listvyanka,7816262,Двухместный номер Стандарт улучшенный (главное здание) (2 отдельные кровати) (в главном здании),3502402,1,4,2 отдельные кровати,"[""2 отдельные кровати""]","[""twin""]","[{""bed"": ""single"", ""count"": 2}]",2,9310.00,9310.00,https://ostrovok.ru/hotel/russia/western_siberia_irkutsk_oblast_multi/mid7816262/mayak_hotel_listvyanka
mayak_hotel_listvyanka,7816262,Двухместный Джуниор Сьют (главное здание) Улучшенный (двуспальная кровать) (в главном здании),4502302,1,3,двуспальная кровать,"[""двуспальная кровать""]","[""double""]","[{""bed"": ""double"", ""count"": 1}]",2,13775.00,13775.00,https://ostrovok.ru/hotel/russia/western_siberia_irkutsk_oblast_multi/mid7816262/mayak_hotel_listvyanka
mayak_hotel_listvyanka,7816262,Двухместный Джуниор Сьют (главное здание) Улучшенный (2 отдельные кровати) (в главном здании),4502402,1,3,2 отдельные кровати,"[""2 отдельные кровати""]","[""twin""]","[{""bed"": ""single"", ""count"": 2}]",2,13775.00,13775.00,https://ostrovok.ru/hotel/russia/western_siberia_irkutsk_oblast_multi/mid7816262/mayak_hotel_listvyanka
mayak_hotel_listvyanka,7816262,Двухместный номер Семейный (главное здание) с частичным видом на озеро (двуспальная кровать) (в главном здании),3I02302000L,1,5,двуспальная кровать,"[""двуспальная кровать""]","[""double""]","[{""bed"": ""double"", ""count"": 1}]",2,16150.00,16150.00,https://ostrovok.ru/hotel/russia/western_siberia_irkutsk_oblast_multi/mid7816262/mayak_hotel_listvyanka
mayak_hotel_listvyanka,7816262,Двухместный номер Семейный (главное здание) с частичным видом на озеро (2 отдельные кровати) (в главном здании),3I02402000L,1,5,2 отдельные кровати,"[""2 отдельные кровати""]","[""twin""]","[{""bed"": ""single"", ""count"": 2}]",2,16150.00,16150.00,https://ostrovok.ru/hotel/russia/western_siberia_irkutsk_oblast_multi/mid7816262/mayak_hotel_listvyanka
7_dorog,7029576,Двухместный номер Superior с видом на город (двуспальная кровать),35023020005,4,1,двуспальная кровать,"[""двуспальная кровать""]","[""double""]","[{""bed"": ""double"", ""count"": 1}]",2,7000.00,8200.00,https://ostrovok.ru/hotel/russia/western_siberia_irkutsk_oblast_multi/mid7029576/7_dorog
magas,6839053,Кровать в общем номере (женский номер) (общая ванная комната) (4 кровати),1021,2,3,,,"[""nobedding""]",,1,1483.00,1500.00,https://ostrovok.ru/hotel/russia/western_siberia_irkutsk_oblast_multi/mid6839053/magas
magas,6839053,Двухместный номер Standard с видом на город (2 отдельные кровати),32024020005,2,4,2 отдельные кровати,"[""2 отдельные кровати""]","[""twin""]","[{""bed"": ""single"", ""count"": 2}]",2,3264.00,3300.00,https://ostrovok.ru/hotel/russia/western_siberia_irkutsk_oblast_multi/mid6839053/magas
magas,6839053,Одноместный номер Standard с видом на город (односпальная кровать),32020010005,2,1,односпальная кровать,"[""односпальная кровать""]","[""nobedding""]","[{""bed"": ""single"", ""count"": 1}]",1,3264.00,3300.00,https://ostrovok.ru/hotel/russia/western_siberia_irkutsk_oblast_multi/mid6839053/magas
magas,6839053,Трёхместный номер Classic,3B02003,2,4,,,"[""nobedding""]",,3,3264.00,3300.00,https://ostrovok.ru/hotel/russia/western_siberia_irkutsk_oblast_multi/mid6839053/magas
magas,6839053,Двухместный полулюкс (двуспальная кровать),4002302,2,3,двуспальная кровать,"[""двуспальная кровать""]","[""double""]","[{""bed"": ""double"", ""count"": 1}]",2,3857.00,3900.00,https://ostrovok.ru/hotel/russia/western_siberia_irkutsk_oblast_multi/mid6839053/magas
baikal_view_hotel,7681558,Двухместный номер Standard с видом на озеро (двуспальная кровать),3202302000D,4,10,двуспальная кровать,"[""двуспальная кровать""]","[""double""]","[{""bed"": ""double"", ""count"": 1}]",2,12384.00,19446.00,https://ostrovok.ru/hotel/russia/western_siberia_irkutsk_oblast_multi/mid7681558/baikal_view_hotel
baikal_view_hotel,7681558,Двухместный номер Standard с видом на озеро (2 отдельные кровати),3202402000D,4,10,2 отдельные кровати,"[""2 отдельные кровати""]","[""twin""]","[{""bed"": ""single"", ""count"": 2}]",2,12384.00,19446.00,https://ostrovok.ru/hotel/russia/western_siberia_irkutsk_oblast_multi/mid7681558/baikal_view_hotel
baikal_view_hotel,7681558,Двухместный номер Superior с видом на озеро (двуспальная кровать),3502302000D,2,9,двуспальная кровать,"[""двуспальная кровать""]","[""double""]","[{""bed"": ""double"", ""count"": 1}]",2,13725.00,13871.00,https://ostrovok.ru/hotel/russia/western_siberia_irkutsk_oblast_multi/mid7681558/baikal_view_hotel
baikal_view_hotel,7681558,Двухместный номер Superior с видом на озеро (2 отдельные кровати),3502402000D,2,9,2 отдельные кровати,"[""2 отдельные кровати""]","[""twin""]","[{""bed"": ""single"", ""count"": 2}]",2,13725.00,13871.00,https://ostrovok.ru/hotel/russia/western_siberia_irkutsk_oblast_multi/mid7681558/baikal_view_hotel
baikal_view_hotel,7681558,Двухместный номер Comfort с видом на озеро (двуспальная кровать),3302302000D,2,4,двуспальная кровать,"[""двуспальная кровать""]","[""double""]","[{""bed"": ""double"", ""count"": 1}]",2,15377.00,15540.00,https://ostrovok.ru/hotel/russia/western_siberia_irkutsk_oblast_multi/mid7681558/baikal_view_hotel
baikal_view_hotel,7681558,Двухместный номер Comfort с видом на озеро (2 отдельные кровати),3302402000D,2,4,2 отдельные кровати,"[""2 отдельные кровати""]","[""twin""]","[{""bed"": ""single"", ""count"": 2}]",2,15377.00,15540.00,https://ostrovok.ru/hotel/russia/western_siberia_irkutsk_oblast_multi/mid7681558/baikal_view_hotel
baikal_view_hotel,7681558,Четырёхместный полулюкс Comfort с красивым видом из окна,4302004000U,2,1,,,"[""nobedding""]",,4,27107.00,27395.00,https://ostrovok.ru/hotel/russia/western_siberia_irkutsk_oblast_multi/mid7681558/baikal_view_hotel
uda_2,8752619,Одноместный номер Standard с видом на город (односпальная кровать),32020010005,2,3,односпальная кровать,"[""односпальная кровать""]","[""nobedding""]","[{""bed"": ""single"", ""count"": 1}]",1,1682.00,1700.00,https://ostrovok.ru/hotel/russia/western_siberia_irkutsk_oblast_multi/mid8752619/uda_2
uda_2,8752619,Одноместный номер Superior с видом на город (односпальная кровать),35020010005,2,16,односпальная кровать,"[""односпальная кровать""]","[""nobedding""]","[{""bed"": ""single"", ""count"": 1}]",1,1830.00,1850.00,https://ostrovok.ru/hotel/russia/western_siberia_irkutsk_oblast_multi/mid8752619/uda_2
uda_2,8752619,Двухместный номер Standard с видом на город (2 отдельные кровати),32024020005,2,2,2 отдельные кровати,"[""2 отдельные кровати""]","[""twin""]","[{""bed"": ""single"", ""count"": 2}]",2,1880.00,1900.00,https://ostrovok.ru/hotel/russia/western_siberia_irkutsk_oblast_multi/mid8752619/uda_2
uda_2,8752619,Двухместный номер Superior с видом на город (2 отдельные кровати),35024020005,2,8,2 отдельные кровати,"[""2 отдельные кровати""]","[""twin""]","[{""bed"": ""single"", ""count"": 2}]",2,2176.00,2200.00,https://ostrovok.ru/hotel/russia/western_siberia_irkutsk_oblast_multi/mid8752619/uda_2
uda_2,8752619,Двухместный номер Comfort с видом на город (двуспальная кровать),33023020005,2,6,двуспальная кровать,"[""двуспальная кровать""]","[""double""]","[{""bed"": ""double"", ""count"": 1}]",2,2572.00,2600.00,https://ostrovok.ru/hotel/russia/western_siberia_irkutsk_oblast_multi/mid8752619/uda_2
uda_2,8752619,Двухместный полулюкс с 2 комнатами с видом на город (двуспальная кровать),40023020205,2,2,двуспальная кровать,"[""двуспальная кровать""]","[""double""]","[{""bed"": ""double"", ""count"": 1}]",2,4947.00,5000.00,https://ostrovok.ru/hotel/russia/western_siberia_irkutsk_oblast_multi/mid8752619/uda_2
guest_house_vremena_goda,6511529,Двухместный номер Standard (2 отдельные кровати),3202402,1,1,2 отдельные кровати,"[""2 отдельные кровати""]","[""twin""]","[{""bed"": ""single"", ""count"": 2}]",2,5100.00,5100.00,https://ostrovok.ru/hotel/russia/western_siberia_irkutsk_oblast_multi/mid6511529/guest_house_vremena_goda
hotel_anastasiya_2,13164685,Одноместный номер Standard с красивым видом из окна (односпальная кровать),3202001000U,8,1,односпальная кровать,"[""односпальная кровать""]","[""nobedding""]","[{""bed"": ""single"", ""count"": 1}]",1,8190.00,10780.00,https://ostrovok.ru/hotel/russia/western_siberia_irkutsk_oblast_multi/mid13164685/hotel_anastasiya_2
hotel_anastasiya_2,13164685,Одноместный номер Standard с балконом и с красивым видом из окна (односпальная кровать),3202001001U,8,2,односпальная кровать,"[""односпальная кровать""]","[""nobedding""]","[{""bed"": ""single"", ""count"": 1}]",1,8550.00,11180.00,https://ostrovok.ru/hotel/russia/western_siberia_irkutsk_oblast_multi/mid13164685/hotel_anastasiya_2
hotel_anastasiya_2,13164685,Двухместный номер Standard (двуспальная кровать),3202302,8,6,двуспальная кровать,"[""двуспальная кровать""]","[""double""]","[{""bed"": ""double"", ""count"": 1}]",2,11430.00,14380.00,https://ostrovok.ru/hotel/russia/western_siberia_irkutsk_oblast_multi/mid13164685/hotel_anastasiya_2
hotel_anastasiya_2,13164685,Двухместный номер Standard (2 отдельные кровати),3202402,8,6,2 отдельные кровати,"[""2 отдельные кровати""]","[""twin""]","[{""bed"": ""single"", ""count"": 2}]",2,11430.00,14380.00,https://ostrovok.ru/hotel/russia/western_siberia_irkutsk_oblast_multi/mid13164685/hotel_anastasiya_2
hotel_anastasiya_2,13164685,Двухместный номер Standard с балконом (двуспальная кровать),3202302001,8,3,двуспальная кровать,"[""двуспальная кровать""]","[""double""]","[{""bed"": ""double"", ""count"": 1}]",2,12330.00,15380.00,https://ostrovok.ru/hotel/russia/western_siberia_irkutsk_oblast_multi/mid13164685/hotel_anastasiya_2
hotel_anastasiya_2,13164685,Двухместный номер Standard с балконом (2 отдельные кровати),3202402001,8,3,2 отдельные кровати,"[""2 отдельные кровати""]","[""twin""]","[{""bed"": ""single"", ""count"": 2}]",2,12330.00,15380.00,https://ostrovok.ru/hotel/russia/western_siberia_irkutsk_oblast_multi/mid13164685/hotel_anastasiya_2
hotel_anastasiya_2,13164685,Двухместный полулюкс с 2 комнатами с балконом и с видом на озеро (двуспальная кровать),4002302021D,8,1,двуспальная кровать,"[""двуспальная кровать""]","[""double""]","[{""bed"": ""double"", ""count"": 1}]",2,16110.00,19580.00,https://ostrovok.ru/hotel/russia/western_siberia_irkutsk_oblast_multi/mid13164685/hotel_anastasiya_2
hotel_anastasiya_2,13164685,Двухместный люкс с 2 комнатами с красивым видом из окна (двуспальная кровать),5002302020U,8,3,двуспальная кровать,"[""двуспальная кровать""]","[""double""]","[{""bed"": ""double"", ""count"": 1}]",2,18000.00,21680.00,https://ostrovok.ru/hotel/russia/western_siberia_irkutsk_oblast_multi/mid13164685/hotel_anastasiya_2
hotel_anastasiya_2,13164685,Двухместный люкс Presidential с 3 комнатами с балконом и с красивым видом из окна (двуспальная кровать),5902302031U,8,1,двуспальная кровать,"[""двуспальная кровать""]","[""double""]","[{""bed"": ""double"", ""count"": 1}]",2,30330.00,35380.00,https://ostrovok.ru/hotel/russia/western_siberia_irkutsk_oblast_multi/mid13164685/hotel_anastasiya_2
legendy_baykala,13868556,Кровать в общем номере с видом на внутренний двор (общая ванная комната) (2 кровати),10010000006,2,1,,,"[""nobedding""]",,1,1163.00,1176.00,https://ostrovok.ru/hotel/russia/western_siberia_irkutsk_oblast_multi/mid13868556/legendy_baykala
legendy_baykala,13868556,Двухместный семейный номер Standard с видом на внутренний двор (общая ванная комната) (2 отдельные кровати),32014120006,2,1,2 отдельные кровати,"[""2 отдельные кровати""]","[""twin""]","[{""bed"": ""single"", ""count"": 2}]",2,2328.00,2353.00,https://ostrovok.ru/hotel/russia/western_siberia_irkutsk_oblast_multi/mid13868556/legendy_baykala
legendy_baykala,13868556,Двухместный семейный номер Superior с балконом и с видом на внутренний двор (двуспальная кровать),35023120016,2,1,двуспальная кровать,"[""двуспальная кровать""]","[""double""]","[{""bed"": ""double"", ""count"": 1}]",2,2910.00,2941.00,https://ostrovok.ru/hotel/russia/western_siberia_irkutsk_oblast_multi/mid13868556/legendy_baykala
legendy_baykala,13868556,Двухместный семейный номер Comfort с видом на внутренний двор (2 отдельные кровати),33024120006,2,1,2 отдельные кровати,"[""2 отдельные кровати""]","[""twin""]","[{""bed"": ""single"", ""count"": 2}]",2,2910.00,2941.00,https://ostrovok.ru/hotel/russia/western_siberia_irkutsk_oblast_multi/mid13868556/legendy_baykala
hotel_flagman_olkhona,10019347,Двухместный номер Standard (2 отдельные кровати),3202402,3,4,2 отдельные кровати,"[""2 отдельные кровати""]","[""twin""]","[{""bed"": ""single"", ""count"": 2}]",2,7121.00,8800.00,https://ostrovok.ru/hotel/russia/western_siberia_irkutsk_oblast_multi/mid10019347/hotel_flagman_olkhona
hotel_flagman_olkhona,10019347,Двухместный номер Standard (двуспальная кровать),3202302,3,4,двуспальная кровать,"[""двуспальная кровать""]","[""double""]","[{""bed"": ""double"", ""count"": 1}]",2,7121.00,8800.00,https://ostrovok.ru/hotel/russia/western_siberia_irkutsk_oblast_multi/mid10019347/hotel_flagman_olkhona
hotel_flagman_olkhona,10019347,Двухместный номер Superior (2 отдельные кровати),3502402,3,4,2 отдельные кровати,"[""2 отдельные кровати""]","[""twin""]","[{""bed"": ""single"", ""count"": 2}]",2,8110.00,9800.00,https://ostrovok.ru/hotel/russia/western_siberia_irkutsk_oblast_multi/mid10019347/hotel_flagman_olkhona
hotel_flagman_olkhona,10019347,Двухместный номер Superior (двуспальная кровать),3502302,3,4,двуспальная кровать,"[""двуспальная кровать""]","[""double""]","[{""bed"": ""double"", ""count"": 1}]",2,8110.00,9800.00,https://ostrovok.ru/hotel/russia/western_siberia_irkutsk_oblast_multi/mid10019347/hotel_flagman_olkhona
hotel_flagman_olkhona,10019347,Трёхместный номер Superior (двуспальная кровать и односпальная кровать),3502003,3,2,двуспальная кровать и односпальная кровать,"[""двуспальная кровать"", ""односпальная кровать""]","[""double""]","[{""bed"": ""double"", ""count"": 1}, {""bed"": ""single"", ""count"": 1}]",2,11078.00,12800.00,https://ostrovok.ru/hotel/russia/western_siberia_irkutsk_oblast_multi/mid10019347/hotel_flagman_olkhona
recreation_centre_baikal_rainbow,6341048,Двухместный номер Comfort (2 отдельные кровати),3302402,1,2,2 отдельные кровати,"[""2 отдельные кровати""]","[""twin""]","[{""bed"": ""single"", ""count"": 2}]",2,9153.00,9153.00,https://ostrovok.ru/hotel/russia/western_siberia_irkutsk_oblast_multi/mid6341048/recreation_centre_baikal_rainbow
recreation_centre_baikal_rainbow,6341048,Двухместный номер Comfort (двуспальная кровать),3302302,1,2,двуспальная кровать,"[""двуспальная кровать""]","[""double""]","[{""bed"": ""double"", ""count"": 1}]",2,9153.00,9153.00,https://ostrovok.ru/hotel/russia/western_siberia_irkutsk_oblast_multi/mid6341048/recreation_centre_baikal_rainbow
recreation_centre_baikal_rainbow,6341048,Апартаменты (2 отдельные кровати и двуспальная кровать),6002,1,1,2 отдельные кровати и двуспальная кровать,"[""2 отдельные кровати"", ""двуспальная кровать""]","[""double""]","[{""bed"": ""double"", ""count"": 1}, {""bed"": ""single"", ""count"": 2}]",4,20218.00,20218.00,https://ostrovok.ru/hotel/russia/western_siberia_irkutsk_oblast_multi/mid6341048/recreation_centre_baikal_rainbow
tochka_baykala_hotel,11328622,Полулюкс,4002,1,2,,,"[""nobedding""]",,1,7000.00,7000.00,https://ostrovok.ru/hotel/russia/western_siberia_irkutsk_oblast_multi/mid11328622/tochka_baykala_hotel
tochka_baykala_hotel,11328622,Люкс,5002,1,1,,,"[""nobedding""]",,1,10000.00,10000.00,https://ostrovok.ru/hotel/russia/western_siberia_irkutsk_oblast_multi/mid11328622/tochka_baykala_hotel
aerobratsk,10899814,Кровать в общем номере (общая ванная комната) (3 кровати),1001,4,3,,,"[""nobedding""]",,1,890.00,1700.00,https://ostrovok.ru/hotel/russia/western_siberia_irkutsk_oblast_multi/mid10899814/aerobratsk
aerobratsk,10899814,Одноместный номер Standard,3202001,2,5,,,"[""nobedding""]",,1,3463.00,3500.00,https://ostrovok.ru/hotel/russia/western_siberia_irkutsk_oblast_multi/mid10899814/aerobratsk
flagman_hotel_4,9081483,Двухместный номер Standard (2 отдельные кровати),3202402,2,2,2 отдельные кровати,"[""2 отдельные кровати""]","[""twin""]","[{""bed"": ""single"", ""count"": 2}]",2,6000.00,6000.00,https://ostrovok.ru/hotel/russia/western_siberia_irkutsk_oblast_multi/mid9081483/flagman_hotel_4
flagman_hotel_4,9081483,Одноместный номер Comfort,3302001,2,1,,,"[""nobedding""]",,1,6500.00,6500.00,https://ostrovok.ru/hotel/russia/western_siberia_irkutsk_oblast_multi/mid9081483/flagman_hotel_4
flagman_hotel_4,9081483,Трёхместный номер Standard (3 отдельные кровати),3202003,2,1,3 отдельные кровати,"[""3 отдельные кровати""]","[""nobedding""]","[{""bed"": ""single"", ""count"": 3}]",3,7500.00,7500.00,https://ostrovok.ru/hotel/russia/western_siberia_irkutsk_oblast_multi/mid9081483/flagman_hotel_4
magnetit,8825582,Одноместный номер Стандарт (односпальная кровать),3202001,2,12,односпальная кровать,"[""односпальная кровать""]","[""nobedding""]","[{""bed"": ""single"", ""count"": 1}]",1,3100.00,3100.00,https://ostrovok.ru/hotel/russia/western_siberia_irkutsk_oblast_multi/mid8825582/magnetit
magnetit,8825582,Одноместный номер Улучшенный (односпальная кровать),3502001,2,5,односпальная кровать,"[""односпальная кровать""]","[""nobedding""]","[{""bed"": ""single"", ""count"": 1}]",1,4300.00,4300.00,https://ostrovok.ru/hotel/russia/western_siberia_irkutsk_oblast_multi/mid8825582/magnetit
magnetit,8825582,Двухместный номер Стандарт (2 отдельные кровати),3202402,2,5,2 отдельные кровати,"[""2 отдельные кровати""]","[""twin""]","[{""bed"": ""single"", ""count"": 2}]",2,4400.00,4400.00,https://ostrovok.ru/hotel/russia/western_siberia_irkutsk_oblast_multi/mid8825582/magnetit
magnetit,8825582,Полулюкс Однокомнатный (двуспальная кровать и диван),400200001,2,1,двуспальная кровать и диван,"[""двуспальная кровать"", ""диван""]","[""double""]","[{""bed"": ""double"", ""count"": 1}, {""bed"": ""sofa-bed"", ""count"": 1}]",3,4600.00,4600.00,https://ostrovok.ru/hotel/russia/western_siberia_irkutsk_oblast_multi/mid8825582/magnetit
magnetit,8825582,Двухместный люкс Двухкомнатный (двуспальная кровать),500230202,2,2,двуспальная кровать,"[""двуспальная кровать""]","[""double""]","[{""bed"": ""double"", ""count"": 1}]",2,5700.00,5700.00,https://ostrovok.ru/hotel/russia/western_siberia_irkutsk_oblast_multi/mid8825582/magnetit
magnetit,8825582,Четырёхместный номер Стандарт,3202004,2,2,,,"[""nobedding""]",,4,8000.00,8000.00,https://ostrovok.ru/hotel/russia/western_siberia_irkutsk_oblast_multi/mid8825582/magnetit
taiga_2,6923154,Двухместный номер Standard с видом на город (двуспальная кровать),32023020005,2,7,двуспальная кровать,"[""двуспальная кровать""]","[""double""]","[{""bed"": ""double"", ""count"": 1}]",2,5531.00,6469.00,https://ostrovok.ru/hotel/russia/western_siberia_irkutsk_oblast_multi/mid6923154/taiga_2
taiga_2,6923154,Номер Superior с видом на город (двуспальная кровать),35020000005,2,9,двуспальная кровать,"[""двуспальная кровать""]","[""double""]","[{""bed"": ""double"", ""count"": 1}]",2,6660.00,7598.00,https://ostrovok.ru/hotel/russia/western_siberia_irkutsk_oblast_multi/mid6923154/taiga_2
taiga_2,6923154,Люкс с красивым видом из окна (двуспальная кровать),5002000000U,2,1,двуспальная кровать,"[""двуспальная кровать""]","[""double""]","[{""bed"": ""double"", ""count"": 1}]",2,10611.00,11549.00,https://ostrovok.ru/hotel/russia/western_siberia_irkutsk_oblast_multi/mid6923154/taiga_2
taiga_2,6923154,Апартаменты с красивым видом из окна (двуспальная кровать и диван) (джакузи),6002000000U,4,1,двуспальная кровать и диван,"[""двуспальная кровать"", ""диван""]","[""double""]","[{""bed"": ""double"", ""count"": 1}, {""bed"": ""sofa-bed"", ""count"": 1}]",3,16029.00,18454.00,https://ostrovok.ru/hotel/russia/western_siberia_irkutsk_oblast_multi/mid6923154/taiga_2
miniotel_medveditsa,10019685,Двухместный номер Standard с балконом (общая ванная комната) (двуспальная кровать),3201302001,2,3,двуспальная кровать,"[""двуспальная кровать""]","[""double""]","[{""bed"": ""double"", ""count"": 1}]",2,4660.00,4710.00,https://ostrovok.ru/hotel/russia/western_siberia_irkutsk_oblast_multi/mid10019685/miniotel_medveditsa
miniotel_medveditsa,10019685,Двухместный номер Standard с балконом (общая ванная комната) (2 отдельные кровати),3201402001,2,4,2 отдельные кровати,"[""2 отдельные кровати""]","[""twin""]","[{""bed"": ""single"", ""count"": 2}]",2,4660.00,4710.00,https://ostrovok.ru/hotel/russia/western_siberia_irkutsk_oblast_multi/mid10019685/miniotel_medveditsa
miniotel_medveditsa,10019685,Пятиместный люкс с балконом,5002005001,2,1,,,"[""nobedding""]",,1,7916.00,8000.00,https://ostrovok.ru/hotel/russia/western_siberia_irkutsk_oblast_multi/mid10019685/miniotel_medveditsa
alpari,7776573,Двухместный номер Standard с видом на город (2 отдельные кровати),32024020005,2,1,2 отдельные кровати,"[""2 отдельные кровати""]","[""twin""]","[{""bed"": ""single"", ""count"": 2}]",2,2373.00,2400.00,https://ostrovok.ru/hotel/russia/western_siberia_irkutsk_oblast_multi/mid7776573/alpari
flagman_hotel,7725500,Двухместный номер Deluxe с красивым видом из окна (двуспальная кровать),3602302000U,4,3,двуспальная кровать,"[""двуспальная кровать""]","[""double""]","[{""bed"": ""double"", ""count"": 1}]",2,6000.00,8300.00,https://ostrovok.ru/hotel/russia/western_siberia_irkutsk_oblast_multi/mid7725500/flagman_hotel
flagman_hotel,7725500,Двухместный номер Deluxe с видом на сад (двуспальная кровать),36023020008,4,2,двуспальная кровать,"[""двуспальная кровать""]","[""double""]","[{""bed"": ""double"", ""count"": 1}]",2,6500.00,8800.00,https://ostrovok.ru/hotel/russia/western_siberia_irkutsk_oblast_multi/mid7725500/flagman_hotel
flagman_hotel,7725500,Люкс с красивым видом из окна (двуспальная кровать и диван),5002000000U,4,1,двуспальная кровать и диван,"[""двуспальная кровать"", ""диван""]","[""double""]","[{""bed"": ""double"", ""count"": 1}, {""bed"": ""sofa-bed"", ""count"": 1}]",3,9800.00,14600.00,https://ostrovok.ru/hotel/russia/western_siberia_irkutsk_oblast_multi/mid7725500/flagman_hotel
artrezidentsiya_port_olhon,10004854,Двухместный семейный номер Deluxe с красивым видом из окна (2 отдельные кровати) (терраса),3602412000U,1,1,2 отдельные кровати,"[""2 отдельные кровати""]","[""twin""]","[{""bed"": ""single"", ""count"": 2}]",2,40000.00,40000.00,https://ostrovok.ru/hotel/russia/western_siberia_irkutsk_oblast_multi/mid10004854/artrezidentsiya_port_olhon
artrezidentsiya_port_olhon,10004854,Апартаменты с красивым видом из окна (2 двуспальные кровати и 2 отдельные кровати),6002000000U,1,1,2 двуспальные кровати и 2 отдельные кровати,"[""2 двуспальные кровати"", ""2 отдельные кровати""]","[""twin""]","[{""bed"": ""double"", ""count"": 2}, {""bed"": ""single"", ""count"": 2}]",4,72000.00,72000.00,https://ostrovok.ru/hotel/russia/western_siberia_irkutsk_oblast_multi/mid10004854/artrezidentsiya_port_olhon
mini_hotel_vizit,13384141,Двухместный номер Standard (двуспальная кровать),3202302,2,3,двуспальная кровать,"[""двуспальная кровать""]","[""double""]","[{""bed"": ""double"", ""count"": 1}]",2,2671.00,2700.00,https://ostrovok.ru/hotel/russia/western_siberia_irkutsk_oblast_multi/mid13384141/mini_hotel_vizit
mini_hotel_vizit,13384141,Семейный люкс,500201,2,1,,,"[""nobedding""]",,3,4947.00,5000.00,https://ostrovok.ru/hotel/russia/western_siberia_irkutsk_oblast_multi/mid13384141/mini_hotel_vizit
bajkal_severnoe_more_hotel,8526970,Двухместный номер Standard с видом на город (2 отдельные кровати),32024020005,6,20,2 отдельные кровати,"[""2 отдельные кровати""]","[""twin""]","[{""bed"": ""single"", ""count"": 2}]",2,6504.00,9680.00,https://ostrovok.ru/hotel/russia/western_siberia_irkutsk_oblast_multi/mid8526970/bajkal_severnoe_more_hotel
bajkal_severnoe_more_hotel,8526970,Двухместный номер Standard с видом на город (двуспальная кровать),32023020005,6,20,двуспальная кровать,"[""двуспальная кровать""]","[""double""]","[{""bed"": ""double"", ""count"": 1}]",2,6504.00,9680.00,https://ostrovok.ru/hotel/russia/western_siberia_irkutsk_oblast_multi/mid8526970/bajkal_severnoe_more_hotel
bajkal_severnoe_more_hotel,8526970,Номер Standard с балконом и с видом на город (двуспальная кровать),32020000015,6,14,двуспальная кровать,"[""двуспальная кровать""]","[""double""]","[{""bed"": ""double"", ""count"": 1}]",2,7041.00,10230.00,https://ostrovok.ru/hotel/russia/western_siberia_irkutsk_oblast_multi/mid8526970/bajkal_severnoe_more_hotel
bajkal_severnoe_more_hotel,8526970,Двухместный номер Superior с видом на реку (2 отдельные кровати),3502402000N,6,2,2 отдельные кровати,"[""2 отдельные кровати""]","[""twin""]","[{""bed"": ""single"", ""count"": 2}]",2,7579.00,10780.00,https://ostrovok.ru/hotel/russia/western_siberia_irkutsk_oblast_multi/mid8526970/bajkal_severnoe_more_hotel
bajkal_severnoe_more_hotel,8526970,Полулюкс с видом на реку (2 отдельные кровати),4002000000N,12,5,2 отдельные кровати,"[""2 отдельные кровати""]","[""twin""]","[{""bed"": ""single"", ""count"": 2}]",2,8116.00,11330.00,https://ostrovok.ru/hotel/russia/western_siberia_irkutsk_oblast_multi/mid8526970/bajkal_severnoe_more_hotel
bajkal_severnoe_more_hotel,8526970,"Семейный люкс с видом на город (2 кресла-кровати, двуспальная кровать и диван)",50020100005,6,2,"2 кресла-кровати, двуспальная кровать и диван","[""2 кресла-кровати"", ""двуспальная кровать"", ""диван""]","[""double""]","[{""bed"": ""double"", ""count"": 1}, {""bed"": ""sofa-bed"", ""count"": 1}, {""bed"": ""chair-bed"", ""count"": 2}]",3,12524.00,15840.00,https://ostrovok.ru/hotel/russia/western_siberia_irkutsk_oblast_multi/mid8526970/bajkal_severnoe_more_hotel
bajkal_severnoe_more_hotel,8526970,Люкс Executive с видом на реку (двуспальная кровать),5802000000N,6,4,двуспальная кровать,"[""двуспальная кровать""]","[""double""]","[{""bed"": ""double"", ""count"": 1}]",2,13599.00,16940.00,https://ostrovok.ru/hotel/russia/western_siberia_irkutsk_oblast_multi/mid8526970/bajkal_severnoe_more_hotel
bajkal_severnoe_more_hotel,8526970,Люкс Presidential с видом на реку (двуспальная кровать),5902000000N,6,5,двуспальная кровать,"[""двуспальная кровать""]","[""double""]","[{""bed"": ""double"", ""count"": 1}]",2,14674.00,18040.00,https://ostrovok.ru/hotel/russia/western_siberia_irkutsk_oblast_multi/mid8526970/bajkal_severnoe_more_hotel
hotel_soyuz_2,8662950,Двухместный номер Standard (двуспальная кровать),3202302,2,3,двуспальная кровать,"[""двуспальная кровать""]","[""double""]","[{""bed"": ""double"", ""count"": 1}]",2,5600.00,5600.00,https://ostrovok.ru/hotel/russia/western_siberia_irkutsk_oblast_multi/mid8662950/hotel_soyuz_2
hotel_soyuz_2,8662950,Двухместный номер Standard (2 отдельные кровати),3202402,2,8,2 отдельные кровати,"[""2 отдельные кровати""]","[""twin""]","[{""bed"": ""single"", ""count"": 2}]",2,5600.00,5600.00,https://ostrovok.ru/hotel/russia/western_siberia_irkutsk_oblast_multi/mid8662950/hotel_soyuz_2
hotel_soyuz_2,8662950,Двухместный номер Superior (двуспальная кровать),3502302,2,11,двуспальная кровать,"[""двуспальная кровать""]","[""double""]","[{""bed"": ""double"", ""count"": 1}]",2,6600.00,6600.00,https://ostrovok.ru/hotel/russia/western_siberia_irkutsk_oblast_multi/mid8662950/hotel_soyuz_2
hotel_soyuz_2,8662950,Двухместный номер Superior (2 отдельные кровати),3502402,2,5,2 отдельные кровати,"[""2 отдельные кровати""]","[""twin""]","[{""bed"": ""single"", ""count"": 2}]",2,6600.00,6600.00,https://ostrovok.ru/hotel/russia/western_siberia_irkutsk_oblast_multi/mid8662950/hotel_soyuz_2
hotel_soyuz_2,8662950,Двухместный полулюкс (2 отдельные кровати),4002402,2,7,2 отдельные кровати,"[""2 отдельные кровати""]","[""twin""]","[{""bed"": ""single"", ""count"": 2}]",2,8200.00,8200.00,https://ostrovok.ru/hotel/russia/western_siberia_irkutsk_oblast_multi/mid8662950/hotel_soyuz_2
hotel_soyuz_2,8662950,Двухместный полулюкс (двуспальная кровать),4002302,2,2,двуспальная кровать,"[""двуспальная кровать""]","[""double""]","[{""bed"": ""double"", ""count"": 1}]",2,8200.00,8200.00,https://ostrovok.ru/hotel/russia/western_siberia_irkutsk_oblast_multi/mid8662950/hotel_soyuz_2
hotel_soyuz_2,8662950,Двухместный люкс (двуспальная кровать),5002302,2,5,двуспальная кровать,"[""двуспальная кровать""]","[""double""]","[{""bed"": ""double"", ""count"": 1}]",2,9300.00,9300.00,https://ostrovok.ru/hotel/russia/western_siberia_irkutsk_oblast_multi/mid8662950/hotel_soyuz_2
hotel_soyuz_2,8662950,Двухместный люкс (2 отдельные кровати),5002402,2,4,2 отдельные кровати,"[""2 отдельные кровати""]","[""twin""]","[{""bed"": ""single"", ""count"": 2}]",2,9300.00,9300.00,https://ostrovok.ru/hotel/russia/western_siberia_irkutsk_oblast_multi/mid8662950/hotel_soyuz_2
gostevoj_dom_otdyih_na_bajkale,10014826,Четырёхместный номер Economy с видом на озеро (общая ванная комната) (4 отдельные кровати),3101004000D,1,1,4 отдельные кровати,"[""4 отдельные кровати""]","[""nobedding""]","[{""bed"": ""single"", ""count"": 4}]",4,2972.00,2972.00,https://ostrovok.ru/hotel/russia/western_siberia_irkutsk_oblast_multi/mid10014826/gostevoj_dom_otdyih_na_bajkale
gostevoj_dom_otdyih_na_bajkale,10014826,Двухместный номер Standard с видом на озеро (общая ванная комната) (2 отдельные кровати и диван),3201402000D,1,3,2 отдельные кровати и диван,"[""2 отдельные кровати"", ""диван""]","[""sofa-bed""]","[{""bed"": ""single"", ""count"": 2}, {""bed"": ""sofa-bed"", ""count"": 1}]",3,2972.00,2972.00,https://ostrovok.ru/hotel/russia/western_siberia_irkutsk_oblast_multi/mid10014826/gostevoj_dom_otdyih_na_bajkale
gostevoj_dom_otdyih_na_bajkale,10014826,Трёхместный номер Standard с видом на озеро (3 отдельные кровати и диван),3202003000D,1,2,3 отдельные кровати и диван,"[""3 отдельные кровати"", ""диван""]","[""sofa-bed""]","[{""bed"": ""single"", ""count"": 3}, {""bed"": ""sofa-bed"", ""count"": 1}]",1,3962.00,3962.00,https://ostrovok.ru/hotel/russia/western_siberia_irkutsk_oblast_multi/mid10014826/gostevoj_dom_otdyih_na_bajkale
gostevoj_dom_otdyih_na_bajkale,10014826,Трёхместный номер Standard (общая ванная комната) (3 отдельные кровати),3201003,2,3,3 отдельные кровати,"[""3 отдельные кровати""]","[""nobedding""]","[{""bed"": ""single"", ""count"": 3}]",3,3962.00,3962.00,https://ostrovok.ru/hotel/russia/western_siberia_irkutsk_oblast_multi/mid10014826/gostevoj_dom_otdyih_na_bajkale
gostevoj_dom_otdyih_na_bajkale,10014826,Пятиместные апартаменты с 2 комнатами (5 отдельных кроватей) (внешняя собственная ванная комната),600300502,1,1,5 отдельных кроватей,"[""5 отдельных кроватей""]","[""nobedding""]","[{""bed"": ""single"", ""count"": 5}]",1,4953.00,4953.00,https://ostrovok.ru/hotel/russia/western_siberia_irkutsk_oblast_multi/mid10014826/gostevoj_dom_otdyih_na_bajkale
gostevoj_dom_otdyih_na_bajkale,10014826,Шестиместный коттедж с красивым видом из окна (общая ванная комната) (5 отдельных кроватей),9001006000U,5,1,5 отдельных кроватей,"[""5 отдельных кроватей""]","[""nobedding""]","[{""bed"": ""single"", ""count"": 5}]",1,56468.00,56468.00,https://ostrovok.ru/hotel/russia/western_siberia_irkutsk_oblast_multi/mid10014826/gostevoj_dom_otdyih_na_bajkale
dream_of_baikal_hotel,6374723,Двухместный номер Standard (2 отдельные кровати) (тип кровати может измениться),3202402,1,2,2 отдельные кровати,"[""2 отдельные кровати""]","[""twin""]","[{""bed"": ""single"", ""count"": 2}]",2,6530.00,6530.00,https://ostrovok.ru/hotel/russia/western_siberia_irkutsk_oblast_multi/mid6374723/dream_of_baikal_hotel
dream_of_baikal_hotel,6374723,Двухместный номер Standard (двуспальная кровать) (тип кровати может измениться),3202302,1,2,двуспальная кровать,"[""двуспальная кровать""]","[""double""]","[{""bed"": ""double"", ""count"": 1}]",2,6530.00,6530.00,https://ostrovok.ru/hotel/russia/western_siberia_irkutsk_oblast_multi/mid6374723/dream_of_baikal_hotel
dream_of_baikal_hotel,6374723,Двухместный номер Standard с видом на озеро (двуспальная кровать) (тип кровати может измениться),3202302000D,1,4,двуспальная кровать,"[""двуспальная кровать""]","[""double""]","[{""bed"": ""double"", ""count"": 1}]",2,7124.00,7124.00,https://ostrovok.ru/hotel/russia/western_siberia_irkutsk_oblast_multi/mid6374723/dream_of_baikal_hotel
dream_of_baikal_hotel,6374723,Двухместный номер Standard с видом на озеро (2 отдельные кровати) (тип кровати может измениться),3202402000D,1,4,2 отдельные кровати,"[""2 отдельные кровати""]","[""twin""]","[{""bed"": ""single"", ""count"": 2}]",2,7124.00,7124.00,https://ostrovok.ru/hotel/russia/western_siberia_irkutsk_oblast_multi/mid6374723/dream_of_baikal_hotel
dream_of_baikal_hotel,6374723,Люкс с балконом,5002000001,1,3,,,"[""nobedding""]",,1,7718.00,7718.00,https://ostrovok.ru/hotel/russia/western_siberia_irkutsk_oblast_multi/mid6374723/dream_of_baikal_hotel
smart_hotel_kdo_irkutsk_hotel,10153381,Кровать в общем номере (общая ванная комната) (4 кровати),1001,4,4,,,"[""nobedding""]",,1,2053.00,2270.00,https://ostrovok.ru/hotel/russia/western_siberia_irkutsk_oblast_multi/mid10153381/smart_hotel_kdo_irkutsk_hotel
smart_hotel_kdo_irkutsk_hotel,10153381,Трёхместный номер Economy (общая ванная комната) (3 отдельные кровати),3101003,3,1,3 отдельные кровати,"[""3 отдельные кровати""]","[""nobedding""]","[{""bed"": ""single"", ""count"": 3}]",3,4088.00,4220.00,https://ostrovok.ru/hotel/russia/western_siberia_irkutsk_oblast_multi/mid10153381/smart_hotel_kdo_irkutsk_hotel
smart_hotel_kdo_irkutsk_hotel,10153381,Четырёхместный номер Economy с видом на город (общая ванная комната),31010040005,2,1,,,"[""nobedding""]",,4,4769.00,4820.00,https://ostrovok.ru/hotel/russia/western_siberia_irkutsk_oblast_multi/mid10153381/smart_hotel_kdo_irkutsk_hotel
momant_house_recreation_camp,13350897,Четырёхместный номер Superior,3502004,1,2,,,"[""nobedding""]",,4,5937.00,5937.00,https://ostrovok.ru/hotel/russia/western_siberia_irkutsk_oblast_multi/mid13350897/momant_house_recreation_camp
gostevoy_dom_holiday_park_on_olkhon,10014649,Двухместный номер Standard (2 отдельные кровати),3202402,2,4,2 отдельные кровати,"[""2 отдельные кровати""]","[""twin""]","[{""bed"": ""single"", ""count"": 2}]",2,3944.00,3990.00,https://ostrovok.ru/hotel/russia/western_siberia_irkutsk_oblast_multi/mid10014649/gostevoy_dom_holiday_park_on_olkhon
gostevoy_dom_holiday_park_on_olkhon,10014649,Двухместный номер Superior (2 отдельные кровати),3502402,2,2,2 отдельные кровати,"[""2 отдельные кровати""]","[""twin""]","[{""bed"": ""single"", ""count"": 2}]",2,4883.00,4940.00,https://ostrovok.ru/hotel/russia/western_siberia_irkutsk_oblast_multi/mid10014649/gostevoy_dom_holiday_park_on_olkhon
u_lukomorya_4,10009441,Двухместный номер Superior (двуспальная кровать),3502302,1,1,двуспальная кровать,"[""двуспальная кровать""]","[""double""]","[{""bed"": ""double"", ""count"": 1}]",2,5689.00,5689.00,https://ostrovok.ru/hotel/russia/western_siberia_irkutsk_oblast_multi/mid10009441/u_lukomorya_4
u_lukomorya_4,10009441,Номер Superior (диван),3502,2,1,диван,"[""диван""]","[""sofa-bed""]","[{""bed"": ""sofa-bed"", ""count"": 1}]",1,5689.00,5689.00,https://ostrovok.ru/hotel/russia/western_siberia_irkutsk_oblast_multi/mid10009441/u_lukomorya_4
miniotel_good_hotel,10013559,Двухместный номер Standard (общая ванная комната) (двуспальная кровать),3201302,1,1,двуспальная кровать,"[""двуспальная кровать""]","[""double""]","[{""bed"": ""double"", ""count"": 1}]",2,2200.00,2200.00,https://ostrovok.ru/hotel/russia/western_siberia_irkutsk_oblast_multi/mid10013559/miniotel_good_hotel
armat_hotel,8755884,Двухместный номер Стандарт 1-й категории (2 отдельные кровати),3302402,4,3,2 отдельные кровати,"[""2 отдельные кровати""]","[""twin""]","[{""bed"": ""single"", ""count"": 2}]",2,5200.00,6200.00,https://ostrovok.ru/hotel/russia/western_siberia_irkutsk_oblast_multi/mid8755884/armat_hotel
armat_hotel,8755884,Двухместный номер Стандарт 1-й категории (двуспальная кровать),3302302,4,3,двуспальная кровать,"[""двуспальная кровать""]","[""double""]","[{""bed"": ""double"", ""count"": 1}]",2,5200.00,6200.00,https://ostrovok.ru/hotel/russia/western_siberia_irkutsk_oblast_multi/mid8755884/armat_hotel
armat_hotel,8755884,Двухместный номер Special 1-й категории (2 отдельные кровати),3B02402,4,1,2 отдельные кровати,"[""2 отдельные кровати""]","[""twin""]","[{""bed"": ""single"", ""count"": 2}]",2,6300.00,7000.00,https://ostrovok.ru/hotel/russia/western_siberia_irkutsk_oblast_multi/mid8755884/armat_hotel
armat_hotel,8755884,Двухместный полулюкс (двуспальная кровать),4002302,4,6,двуспальная кровать,"[""двуспальная кровать""]","[""double""]","[{""bed"": ""double"", ""count"": 1}]",2,6300.00,7000.00,https://ostrovok.ru/hotel/russia/western_siberia_irkutsk_oblast_multi/mid8755884/armat_hotel
armat_hotel,8755884,Двухместный номер Special 1-й категории (двуспальная кровать),3B02302,4,1,двуспальная кровать,"[""двуспальная кровать""]","[""double""]","[{""bed"": ""double"", ""count"": 1}]",2,6300.00,7000.00,https://ostrovok.ru/hotel/russia/western_siberia_irkutsk_oblast_multi/mid8755884/armat_hotel
armat_hotel,8755884,Номер Семейный с красивым видом из окна (двуспальная кровать),3902000000U,8,1,двуспальная кровать,"[""двуспальная кровать""]","[""double""]","[{""bed"": ""double"", ""count"": 1}]",2,6300.00,7000.00,https://ostrovok.ru/hotel/russia/western_siberia_irkutsk_oblast_multi/mid8755884/armat_hotel
armat_hotel,8755884,Двухместный полулюкс (2 отдельные кровати),4002402,4,6,2 отдельные кровати,"[""2 отдельные кровати""]","[""twin""]","[{""bed"": ""single"", ""count"": 2}]",2,6300.00,7000.00,https://ostrovok.ru/hotel/russia/western_siberia_irkutsk_oblast_multi/mid8755884/armat_hotel
armat_hotel,8755884,Двухместный люкс (двуспальная кровать),5002302,2,1,двуспальная кровать,"[""двуспальная кровать""]","[""double""]","[{""bed"": ""double"", ""count"": 1}]",2,11000.00,11000.00,https://ostrovok.ru/hotel/russia/western_siberia_irkutsk_oblast_multi/mid8755884/armat_hotel
armat_hotel,8755884,Двухместный люкс (2 отдельные кровати),5002402,2,1,2 отдельные кровати,"[""2 отдельные кровати""]","[""twin""]","[{""bed"": ""single"", ""count"": 2}]",2,11000.00,11000.00,https://ostrovok.ru/hotel/russia/western_siberia_irkutsk_oblast_multi/mid8755884/armat_hotel
hotel_rodina_grand_hotel_spa_irkutsk_5,11200427,Двухместный Классик Супериор с красивым видом из окна (двуспальная кровать),9502302000U,2,8,двуспальная кровать,"[""двуспальная кровать""]","[""double""]","[{""bed"": ""double"", ""count"": 1}]",2,46000.00,46000.00,https://ostrovok.ru/hotel/russia/western_siberia_irkutsk_oblast_multi/mid11200427/hotel_rodina_grand_hotel_spa_irkutsk_5
hotel_rodina_grand_hotel_spa_irkutsk_5,11200427,Двухместный Классик Супериор с красивым видом из окна (2 отдельные кровати),9502402000U,2,8,2 отдельные кровати,"[""2 отдельные кровати""]","[""twin""]","[{""bed"": ""single"", ""count"": 2}]",2,46000.00,46000.00,https://ostrovok.ru/hotel/russia/western_siberia_irkutsk_oblast_multi/mid11200427/hotel_rodina_grand_hotel_spa_irkutsk_5
hotel_rodina_grand_hotel_spa_irkutsk_5,11200427,Двухместный Нордик Супериор с красивым видом из окна (двуспальная кровать),8502302000U,2,2,двуспальная кровать,"[""двуспальная кровать""]","[""double""]","[{""bed"": ""double"", ""count"": 1}]",2,46000.00,46000.00,https://ostrovok.ru/hotel/russia/western_siberia_irkutsk_oblast_multi/mid11200427/hotel_rodina_grand_hotel_spa_irkutsk_5
hotel_rodina_grand_hotel_spa_irkutsk_5,11200427,Двухместный Нордик Супериор с красивым видом из окна (2 отдельные кровати),8502402000U,2,2,2 отдельные кровати,"[""2 отдельные кровати""]","[""twin""]","[{""bed"": ""single"", ""count"": 2}]",2,46000.00,46000.00,https://ostrovok.ru/hotel/russia/western_siberia_irkutsk_oblast_multi/mid11200427/hotel_rodina_grand_hotel_spa_irkutsk_5
hotel_rodina_grand_hotel_spa_irkutsk_5,11200427,Двухместный Модерн Супериор (двуспальная кровать) (кровать king size),A502302,2,5,двуспальная кровать,"[""двуспальная кровать""]","[""double""]","[{""bed"": ""double"", ""count"": 1}]",2,46000.00,46000.00,https://ostrovok.ru/hotel/russia/western_siberia_irkutsk_oblast_multi/mid11200427/hotel_rodina_grand_hotel_spa_irkutsk_5
hotel_rodina_grand_hotel_spa_irkutsk_5,11200427,Двухместный Модерн Делюкс с красивым видом из окна (двуспальная кровать) (кровать king size),A602302000U,2,2,двуспальная кровать,"[""двуспальная кровать""]","[""double""]","[{""bed"": ""double"", ""count"": 1}]",2,50000.00,50000.00,https://ostrovok.ru/hotel/russia/western_siberia_irkutsk_oblast_multi/mid11200427/hotel_rodina_grand_hotel_spa_irkutsk_5
hotel_rodina_grand_hotel_spa_irkutsk_5,11200427,Двухместный Классик Делюкс с видом на город (двуспальная кровать),96023020005,2,1,двуспальная кровать,"[""двуспальная кровать""]","[""double""]","[{""bed"": ""double"", ""count"": 1}]",2,50000.00,50000.00,https://ostrovok.ru/hotel/russia/western_siberia_irkutsk_oblast_multi/mid11200427/hotel_rodina_grand_hotel_spa_irkutsk_5
hotel_rodina_grand_hotel_spa_irkutsk_5,11200427,Двухместный Нордик Делюкс с красивым видом из окна (двуспальная кровать) (кровать king size),8602302000U,2,1,двуспальная кровать,"[""двуспальная кровать""]","[""double""]","[{""bed"": ""double"", ""count"": 1}]",2,50000.00,50000.00,https://ostrovok.ru/hotel/russia/western_siberia_irkutsk_oblast_multi/mid11200427/hotel_rodina_grand_hotel_spa_irkutsk_5
hotel_rodina_grand_hotel_spa_irkutsk_5,11200427,Двухместный Классик Делюкс с видом на город (2 отдельные кровати),96024020005,2,1,2 отдельные кровати,"[""2 отдельные кровати""]","[""twin""]","[{""bed"": ""single"", ""count"": 2}]",2,50000.00,50000.00,https://ostrovok.ru/hotel/russia/western_siberia_irkutsk_oblast_multi/mid11200427/hotel_rodina_grand_hotel_spa_irkutsk_5
hotel_rodina_grand_hotel_spa_irkutsk_5,11200427,Двухместный джуниор сьют с красивым видом из окна (двуспальная кровать),4002302000U,2,2,двуспальная кровать,"[""двуспальная кровать""]","[""double""]","[{""bed"": ""double"", ""count"": 1}]",2,62000.00,62000.00,https://ostrovok.ru/hotel/russia/western_siberia_irkutsk_oblast_multi/mid11200427/hotel_rodina_grand_hotel_spa_irkutsk_5
hotel_rodina_grand_hotel_spa_irkutsk_5,11200427,Двухместные апартаменты Авангард с красивым видом из окна (двуспальная кровать),6B02302000U,2,1,двуспальная кровать,"[""двуспальная кровать""]","[""double""]","[{""bed"": ""double"", ""count"": 1}]",2,77000.00,77000.00,https://ostrovok.ru/hotel/russia/western_siberia_irkutsk_oblast_multi/mid11200427/hotel_rodina_grand_hotel_spa_irkutsk_5
hotel_rodina_grand_hotel_spa_irkutsk_5,11200427,Двухместный люкс Президентский с красивым видом из окна (двуспальная кровать),5902302000U,2,1,двуспальная кровать,"[""двуспальная кровать""]","[""double""]","[{""bed"": ""double"", ""count"": 1}]",2,200000.00,200000.00,https://ostrovok.ru/hotel/russia/western_siberia_irkutsk_oblast_multi/mid11200427/hotel_rodina_grand_hotel_spa_irkutsk_5
baykal_khan_hotel_olkhon,6848973,Двухместный номер Standard с балконом и с красивым видом из окна (2 отдельные кровати),3202402001U,2,13,2 отдельные кровати,"[""2 отдельные кровати""]","[""twin""]","[{""bed"": ""single"", ""count"": 2}]",2,13422.00,13570.00,https://ostrovok.ru/hotel/russia/western_siberia_irkutsk_oblast_multi/mid6848973/baykal_khan_hotel_olkhon
baykal_khan_hotel_olkhon,6848973,Двухместный номер Superior с балконом и с красивым видом из окна (2 отдельные кровати),3502402001U,2,2,2 отдельные кровати,"[""2 отдельные кровати""]","[""twin""]","[{""bed"": ""single"", ""count"": 2}]",2,15757.00,15930.00,https://ostrovok.ru/hotel/russia/western_siberia_irkutsk_oblast_multi/mid6848973/baykal_khan_hotel_olkhon
baykal_khan_hotel_olkhon,6848973,Двухместный номер Superior с балконом и с красивым видом из окна (двуспальная кровать),3502302001U,2,1,двуспальная кровать,"[""двуспальная кровать""]","[""double""]","[{""bed"": ""double"", ""count"": 1}]",2,15757.00,15930.00,https://ostrovok.ru/hotel/russia/western_siberia_irkutsk_oblast_multi/mid6848973/baykal_khan_hotel_olkhon
baykal_khan_hotel_olkhon,6848973,Семейный номер Classic с балконом и с красивым видом из окна,3B02010001U,2,1,,,"[""nobedding""]",,3,15757.00,15930.00,https://ostrovok.ru/hotel/russia/western_siberia_irkutsk_oblast_multi/mid6848973/baykal_khan_hotel_olkhon
alaniya,10003444,Двухместный номер Standard (двуспальная кровать),3202302,2,5,двуспальная кровать,"[""двуспальная кровать""]","[""double""]","[{""bed"": ""double"", ""count"": 1}]",2,3958.00,4000.00,https://ostrovok.ru/hotel/russia/western_siberia_irkutsk_oblast_multi/mid10003444/alaniya
alaniya,10003444,Трёхместный номер Standard,3202003,2,5,,,"[""nobedding""]",,3,4947.00,5000.00,https://ostrovok.ru/hotel/russia/western_siberia_irkutsk_oblast_multi/mid10003444/alaniya
alaniya,10003444,Четырёхместный номер Standard,3202004,2,2,,,"[""nobedding""]",,4,6926.00,7000.00,https://ostrovok.ru/hotel/russia/western_siberia_irkutsk_oblast_multi/mid10003444/alaniya
hotel_kurshavel_,6456691,Двухместный номер Standard (двуспальная кровать),3202302,2,3,двуспальная кровать,"[""двуспальная кровать""]","[""double""]","[{""bed"": ""double"", ""count"": 1}]",2,3300.00,3303.00,https://ostrovok.ru/hotel/russia/western_siberia_irkutsk_oblast_multi/mid6456691/hotel_kurshavel_
hotel_kurshavel_,6456691,Двухместный номер Standard (2 отдельные кровати),3202402,2,8,2 отдельные кровати,"[""2 отдельные кровати""]","[""twin""]","[{""bed"": ""single"", ""count"": 2}]",2,3300.00,3303.00,https://ostrovok.ru/hotel/russia/western_siberia_irkutsk_oblast_multi/mid6456691/hotel_kurshavel_
hotel_kurshavel_,6456691,Трёхместный номер Standard (3 отдельные кровати),3202003,2,2,3 отдельные кровати,"[""3 отдельные кровати""]","[""nobedding""]","[{""bed"": ""single"", ""count"": 3}]",3,3600.00,3604.00,https://ostrovok.ru/hotel/russia/western_siberia_irkutsk_oblast_multi/mid6456691/hotel_kurshavel_
hotel_kurshavel_,6456691,Двухместный номер Superior (двуспальная кровать),3502302,2,1,двуспальная кровать,"[""двуспальная кровать""]","[""double""]","[{""bed"": ""double"", ""count"": 1}]",2,3800.00,3804.00,https://ostrovok.ru/hotel/russia/western_siberia_irkutsk_oblast_multi/mid6456691/hotel_kurshavel_
hotel_kurshavel_,6456691,Номер Standard с 2 комнатами (двуспальная кровать),320200002,2,1,двуспальная кровать,"[""двуспальная кровать""]","[""double""]","[{""bed"": ""double"", ""count"": 1}]",2,4500.00,4505.00,https://ostrovok.ru/hotel/russia/western_siberia_irkutsk_oblast_multi/mid6456691/hotel_kurshavel_
lazurny_bereg_hotel_,7797591,Двухместный номер Standard (2 отдельные кровати),3202402,4,2,2 отдельные кровати,"[""2 отдельные кровати""]","[""twin""]","[{""bed"": ""single"", ""count"": 2}]",2,4500.00,5200.00,https://ostrovok.ru/hotel/russia/western_siberia_irkutsk_oblast_multi/mid7797591/lazurny_bereg_hotel_
lazurny_bereg_hotel_,7797591,Двухместный номер Standard (двуспальная кровать),3202302,4,3,двуспальная кровать,"[""двуспальная кровать""]","[""double""]","[{""bed"": ""double"", ""count"": 1}]",2,4500.00,5200.00,https://ostrovok.ru/hotel/russia/western_siberia_irkutsk_oblast_multi/mid7797591/lazurny_bereg_hotel_
lazurny_bereg_hotel_,7797591,Двухместный номер Superior (двуспальная кровать),3502302,4,3,двуспальная кровать,"[""двуспальная кровать""]","[""double""]","[{""bed"": ""double"", ""count"": 1}]",2,4800.00,6000.00,https://ostrovok.ru/hotel/russia/western_siberia_irkutsk_oblast_multi/mid7797591/lazurny_bereg_hotel_
bajkalskie_sezonyi,9992857,Двухместный номер Standard (двуспальная кровать),3202302,2,10,двуспальная кровать,"[""двуспальная кровать""]","[""double""]","[{""bed"": ""double"", ""count"": 1}]",2,11478.00,11600.00,https://ostrovok.ru/hotel/russia/western_siberia_irkutsk_oblast_multi/mid9992857/bajkalskie_sezonyi
bajkalskie_sezonyi,9992857,Двухместный люкс (двуспальная кровать и диван),5002302,2,1,двуспальная кровать и диван,"[""двуспальная кровать"", ""диван""]","[""double""]","[{""bed"": ""double"", ""count"": 1}, {""bed"": ""sofa-bed"", ""count"": 1}]",3,18405.00,18600.00,https://ostrovok.ru/hotel/russia/western_siberia_irkutsk_oblast_multi/mid9992857/bajkalskie_sezonyi
bajkalskie_sezonyi,9992857,Двухместное бунгало (2 отдельные кровати),A002402,2,1,2 отдельные кровати,"[""2 отдельные кровати""]","[""twin""]","[{""bed"": ""single"", ""count"": 2}]",2,20384.00,20600.00,https://ostrovok.ru/hotel/russia/western_siberia_irkutsk_oblast_multi/mid9992857/bajkalskie_sezonyi
bajkalskie_sezonyi,9992857,Двухместное бунгало (двуспальная кровать),A002302,2,1,двуспальная кровать,"[""двуспальная кровать""]","[""double""]","[{""bed"": ""double"", ""count"": 1}]",2,20384.00,20600.00,https://ostrovok.ru/hotel/russia/western_siberia_irkutsk_oblast_multi/mid9992857/bajkalskie_sezonyi
bajkalskie_sezonyi,9992857,Коттедж (двуспальная кровать и односпальная кровать),9002,2,2,двуспальная кровать и односпальная кровать,"[""двуспальная кровать"", ""односпальная кровать""]","[""double""]","[{""bed"": ""double"", ""count"": 1}, {""bed"": ""single"", ""count"": 1}]",2,23352.00,23600.00,https://ostrovok.ru/hotel/russia/western_siberia_irkutsk_oblast_multi/mid9992857/bajkalskie_sezonyi
bajkalskie_sezonyi,9992857,Коттедж с 3 комнатами (3 двуспальные кровати),900200003,2,2,3 двуспальные кровати,"[""3 двуспальные кровати""]","[""nobedding""]","[{""bed"": ""double"", ""count"": 3}]",2,49080.00,49600.00,https://ostrovok.ru/hotel/russia/western_siberia_irkutsk_oblast_multi/mid9992857/bajkalskie_sezonyi
green_hotel_,6518006,Двухместный номер Standard (2 отдельные кровати),3202402,4,3,2 отдельные кровати,"[""2 отдельные кровати""]","[""twin""]","[{""bed"": ""single"", ""count"": 2}]",2,3518.00,3950.00,https://ostrovok.ru/hotel/russia/western_siberia_irkutsk_oblast_multi/mid6518006/green_hotel_
green_hotel_,6518006,Двухместный номер Standard (двуспальная кровать),3202302,4,4,двуспальная кровать,"[""двуспальная кровать""]","[""double""]","[{""bed"": ""double"", ""count"": 1}]",2,3518.00,3950.00,https://ostrovok.ru/hotel/russia/western_siberia_irkutsk_oblast_multi/mid6518006/green_hotel_
green_hotel_,6518006,Двухместный семейный номер Standard (двуспальная кровать и диван),3202312,4,1,двуспальная кровать и диван,"[""двуспальная кровать"", ""диван""]","[""double""]","[{""bed"": ""double"", ""count"": 1}, {""bed"": ""sofa-bed"", ""count"": 1}]",3,4738.00,5261.00,https://ostrovok.ru/hotel/russia/western_siberia_irkutsk_oblast_multi/mid6518006/green_hotel_
green_hotel_,6518006,Одноместный номер Economy,3102001,4,1,,,"[""nobedding""]",,1,4829.00,5250.00,https://ostrovok.ru/hotel/russia/western_siberia_irkutsk_oblast_multi/mid6518006/green_hotel_
green_hotel_,6518006,Двухместный полулюкс (двуспальная кровать и диван),4002302,6,1,двуспальная кровать и диван,"[""двуспальная кровать"", ""диван""]","[""double""]","[{""bed"": ""double"", ""count"": 1}, {""bed"": ""sofa-bed"", ""count"": 1}]",3,5207.00,5750.00,https://ostrovok.ru/hotel/russia/western_siberia_irkutsk_oblast_multi/mid6518006/green_hotel_
green_hotel_,6518006,Двухместный люкс (двуспальная кровать),5002302,4,1,двуспальная кровать,"[""двуспальная кровать""]","[""double""]","[{""bed"": ""double"", ""count"": 1}]",2,5677.00,6250.00,https://ostrovok.ru/hotel/russia/western_siberia_irkutsk_oblast_multi/mid6518006/green_hotel_
hotel_aziyayevropa,13393268,Двухместный номер Economy (2 отдельные кровати) (без окна),3102402,1,1,2 отдельные кровати,"[""2 отдельные кровати""]","[""twin""]","[{""bed"": ""single"", ""count"": 2}]",2,3956.00,3956.00,https://ostrovok.ru/hotel/russia/western_siberia_irkutsk_oblast_multi/mid13393268/hotel_aziyayevropa
hotel_aziyayevropa,13393268,Двухместный номер Standard (2 отдельные кровати),3202402,1,3,2 отдельные кровати,"[""2 отдельные кровати""]","[""twin""]","[{""bed"": ""single"", ""count"": 2}]",2,5193.00,5193.00,https://ostrovok.ru/hotel/russia/western_siberia_irkutsk_oblast_multi/mid13393268/hotel_aziyayevropa
hotel_aziyayevropa,13393268,Двухместный номер Standard (двуспальная кровать),3202302,1,1,двуспальная кровать,"[""двуспальная кровать""]","[""double""]","[{""bed"": ""double"", ""count"": 1}]",2,5193.00,5193.00,https://ostrovok.ru/hotel/russia/western_siberia_irkutsk_oblast_multi/mid13393268/hotel_aziyayevropa
hotel_aziyayevropa,13393268,Двухместный номер Superior (двуспальная кровать),3502302,1,1,двуспальная кровать,"[""двуспальная кровать""]","[""double""]","[{""bed"": ""double"", ""count"": 1}]",2,7171.00,7171.00,https://ostrovok.ru/hotel/russia/western_siberia_irkutsk_oblast_multi/mid13393268/hotel_aziyayevropa
hotel_aziyayevropa,13393268,Двухместный номер Superior (2 отдельные кровати),3502402,1,3,2 отдельные кровати,"[""2 отдельные кровати""]","[""twin""]","[{""bed"": ""single"", ""count"": 2}]",2,7171.00,7171.00,https://ostrovok.ru/hotel/russia/western_siberia_irkutsk_oblast_multi/mid13393268/hotel_aziyayevropa
hotel_khotej,13330760,Двухместный номер Standard (2 отдельные кровати),3202402,2,20,2 отдельные кровати,"[""2 отдельные кровати""]","[""twin""]","[{""bed"": ""single"", ""count"": 2}]",2,7475.00,7475.00,https://ostrovok.ru/hotel/russia/western_siberia_irkutsk_oblast_multi/mid13330760/hotel_khotej
hotel_khotej,13330760,Двухместный семейный номер Standard с видом на озеро (двуспальная кровать и диван),3202312000D,2,3,двуспальная кровать и диван,"[""двуспальная кровать"", ""диван""]","[""double""]","[{""bed"": ""double"", ""count"": 1}, {""bed"": ""sofa-bed"", ""count"": 1}]",3,10350.00,10350.00,https://ostrovok.ru/hotel/russia/western_siberia_irkutsk_oblast_multi/mid13330760/hotel_khotej
lenatour,8752255,Двухместный номер Standard (общая ванная комната) (двуспальная кровать),3201302,2,3,двуспальная кровать,"[""двуспальная кровать""]","[""double""]","[{""bed"": ""double"", ""count"": 1}]",2,3096.00,3100.00,https://ostrovok.ru/hotel/russia/western_siberia_irkutsk_oblast_multi/mid8752255/lenatour
lenatour,8752255,Двухместный номер Standard (общая ванная комната) (2 отдельные кровати),3201402,2,1,2 отдельные кровати,"[""2 отдельные кровати""]","[""twin""]","[{""bed"": ""single"", ""count"": 2}]",2,3995.00,4000.00,https://ostrovok.ru/hotel/russia/western_siberia_irkutsk_oblast_multi/mid8752255/lenatour
lenatour,8752255,Трёхместный номер Standard (общая ванная комната) (3 отдельные кровати),3201003,3,2,3 отдельные кровати,"[""3 отдельные кровати""]","[""nobedding""]","[{""bed"": ""single"", ""count"": 3}]",3,5992.00,6659.00,https://ostrovok.ru/hotel/russia/western_siberia_irkutsk_oblast_multi/mid8752255/lenatour
lenatour,8752255,Четырёхместный номер Standard (общая ванная комната) (4 отдельные кровати),3201004,3,1,4 отдельные кровати,"[""4 отдельные кровати""]","[""nobedding""]","[{""bed"": ""single"", ""count"": 4}]",4,7990.00,8878.00,https://ostrovok.ru/hotel/russia/western_siberia_irkutsk_oblast_multi/mid8752255/lenatour
bely_bereg,10844916,Четырёхместный коттедж с 2 комнатами с видом на внутренний двор (2 двуспальные кровати),90020040206,6,2,2 двуспальные кровати,"[""2 двуспальные кровати""]","[""nobedding""]","[{""bed"": ""double"", ""count"": 2}]",2,6300.00,6300.00,https://ostrovok.ru/hotel/russia/western_siberia_irkutsk_oblast_multi/mid10844916/bely_bereg
bely_bereg,10844916,Двухместная студия Дуплекс с красивым видом из окна (двуспальная кровать) (кровать king size),7002302000U2,4,2,двуспальная кровать,"[""двуспальная кровать""]","[""double""]","[{""bed"": ""double"", ""count"": 1}]",2,8550.00,9500.00,https://ostrovok.ru/hotel/russia/western_siberia_irkutsk_oblast_multi/mid10844916/bely_bereg
baykkalina_guest_house,10011069,Коттедж Comfort,9302,2,1,,,"[""nobedding""]",,1,7916.00,8000.00,https://ostrovok.ru/hotel/russia/western_siberia_irkutsk_oblast_multi/mid10011069/baykkalina_guest_house
baykkalina_guest_house,10011069,Коттедж Superior,9502,2,1,,,"[""nobedding""]",,1,7916.00,8000.00,https://ostrovok.ru/hotel/russia/western_siberia_irkutsk_oblast_multi/mid10011069/baykkalina_guest_house
baykkalina_guest_house,10011069,Семейный коттедж с балконом,9002010001,2,1,,,"[""nobedding""]",,3,9895.00,10000.00,https://ostrovok.ru/hotel/russia/western_siberia_irkutsk_oblast_multi/mid10011069/baykkalina_guest_house
aristokrat_hotel,8745188,Одноместный номер Economy,3102001,2,1,,,"[""nobedding""]",,1,4200.00,4200.00,https://ostrovok.ru/hotel/russia/western_siberia_irkutsk_oblast_multi/mid8745188/aristokrat_hotel
aristokrat_hotel,8745188,Двухместный номер Superior с видом на город (2 отдельные кровати),35024020005,2,1,2 отдельные кровати,"[""2 отдельные кровати""]","[""twin""]","[{""bed"": ""single"", ""count"": 2}]",2,6100.00,6100.00,https://ostrovok.ru/hotel/russia/western_siberia_irkutsk_oblast_multi/mid8745188/aristokrat_hotel
aristokrat_hotel,8745188,Двухместный номер Standard с видом на город (2 отдельные кровати),32024020005,2,1,2 отдельные кровати,"[""2 отдельные кровати""]","[""twin""]","[{""bed"": ""single"", ""count"": 2}]",2,6100.00,6100.00,https://ostrovok.ru/hotel/russia/western_siberia_irkutsk_oblast_multi/mid8745188/aristokrat_hotel
aristokrat_hotel,8745188,Двухместный номер Superior с видом на город (двуспальная кровать),35023020005,2,1,двуспальная кровать,"[""двуспальная кровать""]","[""double""]","[{""bed"": ""double"", ""count"": 1}]",2,6100.00,6100.00,https://ostrovok.ru/hotel/russia/western_siberia_irkutsk_oblast_multi/mid8745188/aristokrat_hotel
aristokrat_hotel,8745188,Двухместный номер Standard с видом на город (двуспальная кровать),32023020005,2,1,двуспальная кровать,"[""двуспальная кровать""]","[""double""]","[{""bed"": ""double"", ""count"": 1}]",2,6100.00,6100.00,https://ostrovok.ru/hotel/russia/western_siberia_irkutsk_oblast_multi/mid8745188/aristokrat_hotel
baza_otdykha_akvamarin,10016038,Двухместный номер Standard (двуспальная кровать),3202302,1,4,двуспальная кровать,"[""двуспальная кровать""]","[""double""]","[{""bed"": ""double"", ""count"": 1}]",2,8114.00,8114.00,https://ostrovok.ru/hotel/russia/western_siberia_irkutsk_oblast_multi/mid10016038/baza_otdykha_akvamarin
baza_otdykha_akvamarin,10016038,Двухместный номер Standard (2 отдельные кровати),3202402,1,4,2 отдельные кровати,"[""2 отдельные кровати""]","[""twin""]","[{""bed"": ""single"", ""count"": 2}]",2,8114.00,8114.00,https://ostrovok.ru/hotel/russia/western_siberia_irkutsk_oblast_multi/mid10016038/baza_otdykha_akvamarin
baza_otdykha_akvamarin,10016038,Двухместный номер Comfort с балконом (2 отдельные кровати),3302402001,1,2,2 отдельные кровати,"[""2 отдельные кровати""]","[""twin""]","[{""bed"": ""single"", ""count"": 2}]",2,9202.00,9202.00,https://ostrovok.ru/hotel/russia/western_siberia_irkutsk_oblast_multi/mid10016038/baza_otdykha_akvamarin
baza_otdykha_akvamarin,10016038,Двухместный номер Comfort с балконом (двуспальная кровать),3302302001,1,2,двуспальная кровать,"[""двуспальная кровать""]","[""double""]","[{""bed"": ""double"", ""count"": 1}]",2,9202.00,9202.00,https://ostrovok.ru/hotel/russia/western_siberia_irkutsk_oblast_multi/mid10016038/baza_otdykha_akvamarin
baza_otdykha_akvamarin,10016038,Семейный номер Standard (3 отдельные кровати),320201,2,1,3 отдельные кровати,"[""3 отдельные кровати""]","[""nobedding""]","[{""bed"": ""single"", ""count"": 3}]",3,9796.00,9796.00,https://ostrovok.ru/hotel/russia/western_siberia_irkutsk_oblast_multi/mid10016038/baza_otdykha_akvamarin
baza_otdykha_akvamarin,10016038,Коттедж (двуспальная кровать и диван) (с сауной),9002,1,1,двуспальная кровать и диван,"[""двуспальная кровать"", ""диван""]","[""double""]","[{""bed"": ""double"", ""count"": 1}, {""bed"": ""sofa-bed"", ""count"": 1}]",3,23747.00,23747.00,https://ostrovok.ru/hotel/russia/western_siberia_irkutsk_oblast_multi/mid10016038/baza_otdykha_akvamarin
amurskiy,9079548,Двухместный номер Standard с видом на город (двуспальная кровать),32023020005,2,2,двуспальная кровать,"[""двуспальная кровать""]","[""double""]","[{""bed"": ""double"", ""count"": 1}]",2,19900.00,19900.00,https://ostrovok.ru/hotel/russia/western_siberia_irkutsk_oblast_multi/mid9079548/amurskiy
amurskiy,9079548,Двухместный номер Standard с видом на город (2 отдельные кровати),32024020005,2,1,2 отдельные кровати,"[""2 отдельные кровати""]","[""twin""]","[{""bed"": ""single"", ""count"": 2}]",2,19900.00,19900.00,https://ostrovok.ru/hotel/russia/western_siberia_irkutsk_oblast_multi/mid9079548/amurskiy
amurskiy,9079548,Двухместный полулюкс (двуспальная кровать),4002302,2,1,двуспальная кровать,"[""двуспальная кровать""]","[""double""]","[{""bed"": ""double"", ""count"": 1}]",2,24000.00,24000.00,https://ostrovok.ru/hotel/russia/western_siberia_irkutsk_oblast_multi/mid9079548/amurskiy
amurskiy,9079548,Двухместный номер Superior с видом на город (2 отдельные кровати),35024020005,2,3,2 отдельные кровати,"[""2 отдельные кровати""]","[""twin""]","[{""bed"": ""single"", ""count"": 2}]",2,24000.00,24000.00,https://ostrovok.ru/hotel/russia/western_siberia_irkutsk_oblast_multi/mid9079548/amurskiy
tikhaya_gavan_4,9989818,Двухместный номер Standard (двуспальная кровать),3202302,2,1,двуспальная кровать,"[""двуспальная кровать""]","[""double""]","[{""bed"": ""double"", ""count"": 1}]",2,4057.00,4100.00,https://ostrovok.ru/hotel/russia/western_siberia_irkutsk_oblast_multi/mid9989818/tikhaya_gavan_4
tikhaya_gavan_4,9989818,Трёхместный номер Superior,3502003,2,3,,,"[""nobedding""]",,3,4650.00,4700.00,https://ostrovok.ru/hotel/russia/western_siberia_irkutsk_oblast_multi/mid9989818/tikhaya_gavan_4
riderside,8754956,Двухместный номер Standard (двуспальная кровать),3202302,4,1,двуспальная кровать,"[""двуспальная кровать""]","[""double""]","[{""bed"": ""double"", ""count"": 1}]",2,3168.00,3800.00,https://ostrovok.ru/hotel/russia/western_siberia_irkutsk_oblast_multi/mid8754956/riderside
riderside,8754956,Двухместный номер Standard (2 отдельные кровати),3202402,4,1,2 отдельные кровати,"[""2 отдельные кровати""]","[""twin""]","[{""bed"": ""single"", ""count"": 2}]",2,3168.00,3800.00,https://ostrovok.ru/hotel/russia/western_siberia_irkutsk_oblast_multi/mid8754956/riderside
domik_na_kholme_guest_house,13329776,Семейный коттедж с балконом (двуспальная кровать и диван),9002010001,1,1,двуспальная кровать и диван,"[""двуспальная кровать"", ""диван""]","[""double""]","[{""bed"": ""double"", ""count"": 1}, {""bed"": ""sofa-bed"", ""count"": 1}]",3,16920.00,16920.00,https://ostrovok.ru/hotel/russia/western_siberia_irkutsk_oblast_multi/mid13329776/domik_na_kholme_guest_house
hotel_shvedka,13259783,Одноместный номер 2 категория Эконом/мини (общая ванная комната) (односпальная кровать),3B010011,1,4,односпальная кровать,"[""односпальная кровать""]","[""nobedding""]","[{""bed"": ""single"", ""count"": 1}]",1,1800.00,1800.00,https://ostrovok.ru/hotel/russia/western_siberia_irkutsk_oblast_multi/mid13259783/hotel_shvedka
hotel_shvedka,13259783,Одноместный номер 2 категория Эконом (общая ванная комната),31010011,1,4,,,"[""nobedding""]",,1,2200.00,2200.00,https://ostrovok.ru/hotel/russia/western_siberia_irkutsk_oblast_multi/mid13259783/hotel_shvedka
hotel_shvedka,13259783,Двухместный номер 2 категория Эконом (общая ванная комната) (2 отдельные кровати),31014021,1,2,2 отдельные кровати,"[""2 отдельные кровати""]","[""twin""]","[{""bed"": ""single"", ""count"": 2}]",2,2900.00,2900.00,https://ostrovok.ru/hotel/russia/western_siberia_irkutsk_oblast_multi/mid13259783/hotel_shvedka
hotel_shvedka,13259783,Одноместный номер 1 категория Стандарт (односпальная кровать),3302011,4,3,односпальная кровать,"[""односпальная кровать""]","[""nobedding""]","[{""bed"": ""single"", ""count"": 1}]",1,3600.00,4600.00,https://ostrovok.ru/hotel/russia/western_siberia_irkutsk_oblast_multi/mid13259783/hotel_shvedka
hotel_shvedka,13259783,Одноместный номер 1 категория 1К15,3G02011,1,1,,,"[""nobedding""]",,1,4400.00,4400.00,https://ostrovok.ru/hotel/russia/western_siberia_irkutsk_oblast_multi/mid13259783/hotel_shvedka
hotel_shvedka,13259783,Одноместный Джуниор сюит (DS9),4A02001,1,1,,,"[""nobedding""]",,1,4400.00,4400.00,https://ostrovok.ru/hotel/russia/western_siberia_irkutsk_oblast_multi/mid13259783/hotel_shvedka
hotel_shvedka,13259783,Двухместный Джуниор сюит (DS2) (2 отдельные кровати),4602402,1,1,2 отдельные кровати,"[""2 отдельные кровати""]","[""twin""]","[{""bed"": ""single"", ""count"": 2}]",2,4600.00,4600.00,https://ostrovok.ru/hotel/russia/western_siberia_irkutsk_oblast_multi/mid13259783/hotel_shvedka
hotel_shvedka,13259783,Двухместный номер 1 категория (1К2) (2 отдельные кровати),3802412,1,1,2 отдельные кровати,"[""2 отдельные кровати""]","[""twin""]","[{""bed"": ""single"", ""count"": 2}]",2,4600.00,4600.00,https://ostrovok.ru/hotel/russia/western_siberia_irkutsk_oblast_multi/mid13259783/hotel_shvedka
hotel_shvedka,13259783,Одноместный Джуниор сюит (DS28),4702001,1,1,,,"[""nobedding""]",,1,5200.00,5200.00,https://ostrovok.ru/hotel/russia/western_siberia_irkutsk_oblast_multi/mid13259783/hotel_shvedka
hotel_shvedka,13259783,Одноместный Джуниор сюит (DS14),4E02001,1,1,,,"[""nobedding""]",,1,5700.00,5700.00,https://ostrovok.ru/hotel/russia/western_siberia_irkutsk_oblast_multi/mid13259783/hotel_shvedka
yolochka,9992200,Номер Standard (общая ванная комната) (2 отдельные кровати),3201,1,1,2 отдельные кровати,"[""2 отдельные кровати""]","[""twin""]","[{""bed"": ""single"", ""count"": 2}]",2,3700.00,3700.00,https://ostrovok.ru/hotel/russia/western_siberia_irkutsk_oblast_multi/mid9992200/yolochka
yolochka,9992200,Трёхместный номер Economy (общая ванная комната) (в дополнительном здании),3101003,1,1,,,"[""nobedding""]",,3,4632.00,4632.00,https://ostrovok.ru/hotel/russia/western_siberia_irkutsk_oblast_multi/mid9992200/yolochka
yolochka,9992200,Двухместный номер Standard (2 отдельные кровати),3202402,2,1,2 отдельные кровати,"[""2 отдельные кровати""]","[""twin""]","[{""bed"": ""single"", ""count"": 2}]",2,5000.00,6174.00,https://ostrovok.ru/hotel/russia/western_siberia_irkutsk_oblast_multi/mid9992200/yolochka
yolochka,9992200,Трёхместный номер Standard (общая ванная комната),3201003,2,1,,,"[""nobedding""]",,3,5400.00,6174.00,https://ostrovok.ru/hotel/russia/western_siberia_irkutsk_oblast_multi/mid9992200/yolochka
yolochka,9992200,Трёхместный номер Standard (в главном здании),3202003,1,1,,,"[""nobedding""]",,3,6174.00,6174.00,https://ostrovok.ru/hotel/russia/western_siberia_irkutsk_oblast_multi/mid9992200/yolochka
yolochka,9992200,Номер Standard (в дополнительном здании),3202,2,1,,,"[""nobedding""]",,1,6174.00,6500.00,https://ostrovok.ru/hotel/russia/western_siberia_irkutsk_oblast_multi/mid9992200/yolochka
yolochka,9992200,"Двухместный номер Standard (двуспальная кровать) (тип кровати может измениться, в дополнительном здании)",3202302,1,1,двуспальная кровать,"[""двуспальная кровать""]","[""double""]","[{""bed"": ""double"", ""count"": 1}]",2,7718.00,7718.00,https://ostrovok.ru/hotel/russia/western_siberia_irkutsk_oblast_multi/mid9992200/yolochka
yolochka,9992200,Коттедж,9002,2,1,,,"[""nobedding""]",,1,10000.00,14408.00,https://ostrovok.ru/hotel/russia/western_siberia_irkutsk_oblast_multi/mid9992200/yolochka
parus_18,9996236,Двухместный номер Standard (2 отдельные кровати),3202402,1,1,2 отдельные кровати,"[""2 отдельные кровати""]","[""twin""]","[{""bed"": ""single"", ""count"": 2}]",2,4988.00,4988.00,https://ostrovok.ru/hotel/russia/western_siberia_irkutsk_oblast_multi/mid9996236/parus_18
parus_18,9996236,Двухместный номер Economy с красивым видом из окна (2 отдельные кровати),3102402000U,1,3,2 отдельные кровати,"[""2 отдельные кровати""]","[""twin""]","[{""bed"": ""single"", ""count"": 2}]",2,6357.00,6357.00,https://ostrovok.ru/hotel/russia/western_siberia_irkutsk_oblast_multi/mid9996236/parus_18
parus_18,9996236,Двухместный номер Classic (двуспальная кровать) (тип кровати может измениться),3B02302,1,2,двуспальная кровать,"[""двуспальная кровать""]","[""double""]","[{""bed"": ""double"", ""count"": 1}]",2,6846.00,6846.00,https://ostrovok.ru/hotel/russia/western_siberia_irkutsk_oblast_multi/mid9996236/parus_18
parus_18,9996236,Двухместный номер Classic (2 отдельные кровати) (тип кровати может измениться),3B02402,1,2,2 отдельные кровати,"[""2 отдельные кровати""]","[""twin""]","[{""bed"": ""single"", ""count"": 2}]",2,6846.00,6846.00,https://ostrovok.ru/hotel/russia/western_siberia_irkutsk_oblast_multi/mid9996236/parus_18
parus_18,9996236,Трёхместный номер Superior (3 отдельные кровати),3502003,2,1,3 отдельные кровати,"[""3 отдельные кровати""]","[""nobedding""]","[{""bed"": ""single"", ""count"": 3}]",3,7531.00,7531.00,https://ostrovok.ru/hotel/russia/western_siberia_irkutsk_oblast_multi/mid9996236/parus_18
parus_18,9996236,Четырёхместный номер Standard с 2 комнатами с красивым видом из окна (2 двуспальные кровати),3202004020U,1,1,2 двуспальные кровати,"[""2 двуспальные кровати""]","[""nobedding""]","[{""bed"": ""double"", ""count"": 2}]",2,13498.00,13498.00,https://ostrovok.ru/hotel/russia/western_siberia_irkutsk_oblast_multi/mid9996236/parus_18
apartments_viking_khaus,13097492,"Двухместные апартаменты (двуспальная кровать и диван) (кровать king size, терраса)",6002302,1,1,двуспальная кровать и диван,"[""двуспальная кровать"", ""диван""]","[""double""]","[{""bed"": ""double"", ""count"": 1}, {""bed"": ""sofa-bed"", ""count"": 1}]",3,6000.00,6000.00,https://ostrovok.ru/hotel/russia/western_siberia_irkutsk_oblast_multi/mid13097492/apartments_viking_khaus
apartments_viking_khaus,13097492,Четырёхместные апартаменты Дуплекс с 2 комнатами с видом на внутренний двор (2 двуспальные кровати) (терраса),600200402062,2,1,2 двуспальные кровати,"[""2 двуспальные кровати""]","[""nobedding""]","[{""bed"": ""double"", ""count"": 2}]",2,15500.00,19790.00,https://ostrovok.ru/hotel/russia/western_siberia_irkutsk_oblast_multi/mid13097492/apartments_viking_khaus
hotel_gostinitsa_avtovokzal,13754102,Кровать в общем номере (общая ванная комната) (3 кровати),1001,2,5,,,"[""nobedding""]",,1,2572.00,2600.00,https://ostrovok.ru/hotel/russia/western_siberia_irkutsk_oblast_multi/mid13754102/hotel_gostinitsa_avtovokzal
hotel_gostinitsa_avtovokzal,13754102,Двухместный номер Economy (общая ванная комната) (двуспальная кровать),3101302,2,2,двуспальная кровать,"[""двуспальная кровать""]","[""double""]","[{""bed"": ""double"", ""count"": 1}]",2,3859.00,3900.00,https://ostrovok.ru/hotel/russia/western_siberia_irkutsk_oblast_multi/mid13754102/hotel_gostinitsa_avtovokzal
hotel_gostinitsa_avtovokzal,13754102,Двухместный номер Standard (двуспальная кровать),3202302,2,1,двуспальная кровать,"[""двуспальная кровать""]","[""double""]","[{""bed"": ""double"", ""count"": 1}]",2,5145.00,5200.00,https://ostrovok.ru/hotel/russia/western_siberia_irkutsk_oblast_multi/mid13754102/hotel_gostinitsa_avtovokzal
hotel_gostinitsa_avtovokzal,13754102,Двухместный полулюкс (2 отдельные кровати),4002402,2,2,2 отдельные кровати,"[""2 отдельные кровати""]","[""twin""]","[{""bed"": ""single"", ""count"": 2}]",2,5145.00,5200.00,https://ostrovok.ru/hotel/russia/western_siberia_irkutsk_oblast_multi/mid13754102/hotel_gostinitsa_avtovokzal
azatai_park_hotel,13757053,Двухместный номер Standard (двуспальная кровать),3202302,1,16,двуспальная кровать,"[""двуспальная кровать""]","[""double""]","[{""bed"": ""double"", ""count"": 1}]",2,14849.00,14849.00,https://ostrovok.ru/hotel/russia/western_siberia_irkutsk_oblast_multi/mid13757053/azatai_park_hotel
azatai_park_hotel,13757053,Двухместный полулюкс Дуплекс (двуспальная кровать),400230200002,1,6,двуспальная кровать,"[""двуспальная кровать""]","[""double""]","[{""bed"": ""double"", ""count"": 1}]",2,18810.00,18810.00,https://ostrovok.ru/hotel/russia/western_siberia_irkutsk_oblast_multi/mid13757053/azatai_park_hotel
azatai_park_hotel,13757053,Люкс с 2 комнатами,500200002,1,2,,,"[""nobedding""]",,1,21779.00,21779.00,https://ostrovok.ru/hotel/russia/western_siberia_irkutsk_oblast_multi/mid13757053/azatai_park_hotel
azatai_park_hotel,13757053,Люкс Premium с 2 комнатами,5A0200002,1,1,,,"[""nobedding""]",,1,21779.00,21779.00,https://ostrovok.ru/hotel/russia/western_siberia_irkutsk_oblast_multi/mid13757053/azatai_park_hotel
azatai_park_hotel,13757053,Семейный номер Standard (в дополнительном здании),320201,1,9,,,"[""nobedding""]",,3,25740.00,25740.00,https://ostrovok.ru/hotel/russia/western_siberia_irkutsk_oblast_multi/mid13757053/azatai_park_hotel
mir_baykala_hotel,10219071,Двухместный номер Superior (2 отдельные кровати) (в дополнительном здании),3502402,1,16,2 отдельные кровати,"[""2 отдельные кровати""]","[""twin""]","[{""bed"": ""single"", ""count"": 2}]",2,11622.00,11622.00,https://ostrovok.ru/hotel/russia/western_siberia_irkutsk_oblast_multi/mid10219071/mir_baykala_hotel
mir_baykala_hotel,10219071,Шале,B002,1,16,,,"[""nobedding""]",,1,11874.00,11874.00,https://ostrovok.ru/hotel/russia/western_siberia_irkutsk_oblast_multi/mid10219071/mir_baykala_hotel
mir_baykala_hotel,10219071,Люкс,5002,1,5,,,"[""nobedding""]",,1,13853.00,13853.00,https://ostrovok.ru/hotel/russia/western_siberia_irkutsk_oblast_multi/mid10219071/mir_baykala_hotel
mir_baykala_hotel,10219071,"Двухместный коттедж Premium (двуспальная кровать) (тип кровати может измениться, в дополнительном здании)",9A02302,1,1,двуспальная кровать,"[""двуспальная кровать""]","[""double""]","[{""bed"": ""double"", ""count"": 1}]",2,14529.00,14529.00,https://ostrovok.ru/hotel/russia/western_siberia_irkutsk_oblast_multi/mid10219071/mir_baykala_hotel
gostinitsa_akademicheskaya,8438905,Одноместный номер Economy (односпальная кровать),3102001,2,1,односпальная кровать,"[""односпальная кровать""]","[""nobedding""]","[{""bed"": ""single"", ""count"": 1}]",1,4400.00,4400.00,https://ostrovok.ru/hotel/russia/western_siberia_irkutsk_oblast_multi/mid8438905/gostinitsa_akademicheskaya
gostinitsa_akademicheskaya,8438905,Двухместный номер Standard (2 отдельные кровати),3202402,2,10,2 отдельные кровати,"[""2 отдельные кровати""]","[""twin""]","[{""bed"": ""single"", ""count"": 2}]",2,5000.00,5000.00,https://ostrovok.ru/hotel/russia/western_siberia_irkutsk_oblast_multi/mid8438905/gostinitsa_akademicheskaya
hotel_shishki,13113638,Номер Standard (двуспальная кровать),3202,1,3,двуспальная кровать,"[""двуспальная кровать""]","[""double""]","[{""bed"": ""double"", ""count"": 1}]",2,9588.00,9588.00,https://ostrovok.ru/hotel/russia/western_siberia_irkutsk_oblast_multi/mid13113638/hotel_shishki
hotel_shishki,13113638,Номер Comfort,3302,1,1,,,"[""nobedding""]",,1,13084.00,13084.00,https://ostrovok.ru/hotel/russia/western_siberia_irkutsk_oblast_multi/mid13113638/hotel_shishki
marx_hotel,8662194,Двухместный номер Standard (двуспальная кровать),3202302,1,3,двуспальная кровать,"[""двуспальная кровать""]","[""double""]","[{""bed"": ""double"", ""count"": 1}]",2,5200.00,5200.00,https://ostrovok.ru/hotel/russia/western_siberia_irkutsk_oblast_multi/mid8662194/marx_hotel
marx_hotel,8662194,Двухместный номер Standard (2 отдельные кровати),3202402,1,2,2 отдельные кровати,"[""2 отдельные кровати""]","[""twin""]","[{""bed"": ""single"", ""count"": 2}]",2,5200.00,5200.00,https://ostrovok.ru/hotel/russia/western_siberia_irkutsk_oblast_multi/mid8662194/marx_hotel
marx_hotel,8662194,Двухместный номер Superior (2 отдельные кровати),3502402,1,5,2 отдельные кровати,"[""2 отдельные кровати""]","[""twin""]","[{""bed"": ""single"", ""count"": 2}]",2,5700.00,5700.00,https://ostrovok.ru/hotel/russia/western_siberia_irkutsk_oblast_multi/mid8662194/marx_hotel
v_samom_tsentre_irkutska_minihotel,10664878,Четырёхместный номер Economy с видом на город (терраса),31020040005,2,1,,,"[""nobedding""]",,4,5250.00,5250.00,https://ostrovok.ru/hotel/russia/western_siberia_irkutsk_oblast_multi/mid10664878/v_samom_tsentre_irkutska_minihotel
hotel_yubileinaya__2,6433819,Двухместный номер Standard (двуспальная кровать),3202302,2,1,двуспальная кровать,"[""двуспальная кровать""]","[""double""]","[{""bed"": ""double"", ""count"": 1}]",2,2761.00,3000.00,https://ostrovok.ru/hotel/russia/western_siberia_irkutsk_oblast_multi/mid6433819/hotel_yubileinaya__2
hotel_yubileinaya__2,6433819,Двухместный номер Standard (2 отдельные кровати),3202402,2,1,2 отдельные кровати,"[""2 отдельные кровати""]","[""twin""]","[{""bed"": ""single"", ""count"": 2}]",2,2761.00,3000.00,https://ostrovok.ru/hotel/russia/western_siberia_irkutsk_oblast_multi/mid6433819/hotel_yubileinaya__2
hotel_yubileinaya__2,6433819,Двухместный номер Standard с балконом (двуспальная кровать),3202302001,2,1,двуспальная кровать,"[""двуспальная кровать""]","[""double""]","[{""bed"": ""double"", ""count"": 1}]",2,2944.00,3200.00,https://ostrovok.ru/hotel/russia/western_siberia_irkutsk_oblast_multi/mid6433819/hotel_yubileinaya__2
hotel_yubileinaya__2,6433819,Двухместный номер Comfort (двуспальная кровать),3302302,2,1,двуспальная кровать,"[""двуспальная кровать""]","[""double""]","[{""bed"": ""double"", ""count"": 1}]",2,3218.00,3500.00,https://ostrovok.ru/hotel/russia/western_siberia_irkutsk_oblast_multi/mid6433819/hotel_yubileinaya__2
hotelclub_ice,9679208,Шале,B002,4,2,,,"[""nobedding""]",,1,11913.00,40000.00,https://ostrovok.ru/hotel/russia/western_siberia_irkutsk_oblast_multi/mid9679208/hotelclub_ice
svetly_aparthotel,10360693,Двухместный номер Standard (2 отдельные кровати),3202402,2,1,2 отдельные кровати,"[""2 отдельные кровати""]","[""twin""]","[{""bed"": ""single"", ""count"": 2}]",2,4500.00,4500.00,https://ostrovok.ru/hotel/russia/western_siberia_irkutsk_oblast_multi/mid10360693/svetly_aparthotel
svetly_aparthotel,10360693,Двухместный номер Standard (двуспальная кровать),3202302,2,2,двуспальная кровать,"[""двуспальная кровать""]","[""double""]","[{""bed"": ""double"", ""count"": 1}]",2,4500.00,4500.00,https://ostrovok.ru/hotel/russia/western_siberia_irkutsk_oblast_multi/mid10360693/svetly_aparthotel
hotel_olimpiada,10440808,"Кровать в общем номере (общая ванная комната) (без окна, 4 кровати)",1001,6,8,,,"[""nobedding""]",,1,800.00,4767.00,https://ostrovok.ru/hotel/russia/western_siberia_irkutsk_oblast_multi/mid10440808/hotel_olimpiada
hotel_olimpiada,10440808,Одноместный номер + Standard (общая ванная комната),3201011,2,2,,,"[""nobedding""]",,1,1700.00,1800.00,https://ostrovok.ru/hotel/russia/western_siberia_irkutsk_oblast_multi/mid10440808/hotel_olimpiada
hotel_olimpiada,10440808,Двухместный номер + Comfort (двуспальная кровать),3302312,2,1,двуспальная кровать,"[""двуспальная кровать""]","[""double""]","[{""bed"": ""double"", ""count"": 1}]",2,3500.00,3707.00,https://ostrovok.ru/hotel/russia/western_siberia_irkutsk_oblast_multi/mid10440808/hotel_olimpiada
hotel_olimpiada,10440808,Люкс семейный,5B02,2,1,,,"[""nobedding""]",,3,6000.00,6356.00,https://ostrovok.ru/hotel/russia/western_siberia_irkutsk_oblast_multi/mid10440808/hotel_olimpiada
hotel_baikal_best_edelweiss,9991110,Двухместный номер Эконом Стандарт (двуспальная кровать),3102302,1,1,двуспальная кровать,"[""двуспальная кровать""]","[""double""]","[{""bed"": ""double"", ""count"": 1}]",2,5145.00,5145.00,https://ostrovok.ru/hotel/russia/western_siberia_irkutsk_oblast_multi/mid9991110/hotel_baikal_best_edelweiss
hotel_baikal_best_edelweiss,9991110,Двухместный номер (2 отдельные кровати),3202402,1,1,2 отдельные кровати,"[""2 отдельные кровати""]","[""twin""]","[{""bed"": ""single"", ""count"": 2}]",2,5442.00,5442.00,https://ostrovok.ru/hotel/russia/western_siberia_irkutsk_oblast_multi/mid9991110/hotel_baikal_best_edelweiss
hotel_baikal_best_edelweiss,9991110,Двухместный номер с диваном (2 отдельные кровати),32024021,1,3,2 отдельные кровати,"[""2 отдельные кровати""]","[""twin""]","[{""bed"": ""single"", ""count"": 2}]",2,5937.00,5937.00,https://ostrovok.ru/hotel/russia/western_siberia_irkutsk_oblast_multi/mid9991110/hotel_baikal_best_edelweiss
miniotel_serdtse_baykala,11310800,Двухместный коттедж с красивым видом из окна (двуспальная кровать) (терраса),9002302000U,2,3,двуспальная кровать,"[""двуспальная кровать""]","[""double""]","[{""bed"": ""double"", ""count"": 1}]",2,12369.00,12500.00,https://ostrovok.ru/hotel/russia/western_siberia_irkutsk_oblast_multi/mid11310800/miniotel_serdtse_baykala
miniotel_serdtse_baykala,11310800,"Коттедж с видом на внутренний двор (2 двуспальные кровати, 2 отдельные кровати и диван)",90020000006,2,2,"2 двуспальные кровати, 2 отдельные кровати и диван","[""2 двуспальные кровати"", ""2 отдельные кровати"", ""диван""]","[""sofa-bed""]","[{""bed"": ""double"", ""count"": 2}, {""bed"": ""single"", ""count"": 2}, {""bed"": ""sofa-bed"", ""count"": 1}]",5,20285.00,20500.00,https://ostrovok.ru/hotel/russia/western_siberia_irkutsk_oblast_multi/mid11310800/miniotel_serdtse_baykala
trakstop_38_2,10669986,Двухместный номер Superior с красивым видом из окна (2 отдельные кровати),3502402000U,1,6,2 отдельные кровати,"[""2 отдельные кровати""]","[""twin""]","[{""bed"": ""single"", ""count"": 2}]",2,5194.00,5194.00,https://ostrovok.ru/hotel/russia/western_siberia_irkutsk_oblast_multi/mid10669986/trakstop_38_2
trakstop_38_2,10669986,Люкс с 2 комнатами (двуспальная кровать),500200002,2,1,двуспальная кровать,"[""двуспальная кровать""]","[""double""]","[{""bed"": ""double"", ""count"": 1}]",2,9443.00,9647.00,https://ostrovok.ru/hotel/russia/western_siberia_irkutsk_oblast_multi/mid10669986/trakstop_38_2
solnechny_guest_house_7,13112614,Двухместный номер Economy (общая ванная комната) (двуспальная кровать),3101302,1,1,двуспальная кровать,"[""двуспальная кровать""]","[""double""]","[{""bed"": ""double"", ""count"": 1}]",2,1182.00,1182.00,https://ostrovok.ru/hotel/russia/western_siberia_irkutsk_oblast_multi/mid13112614/solnechny_guest_house_7
dom_baykal_guest_house,10151922,Двухместный номер Standard с красивым видом из окна (2 отдельные кровати),3202402000U,2,6,2 отдельные кровати,"[""2 отдельные кровати""]","[""twin""]","[{""bed"": ""single"", ""count"": 2}]",2,3165.00,3200.00,https://ostrovok.ru/hotel/russia/western_siberia_irkutsk_oblast_multi/mid10151922/dom_baykal_guest_house
dom_baykal_guest_house,10151922,Четырёхместный семейный номер Classic с красивым видом из окна (2 отдельные кровати и двуспальная кровать),3B02014000U,2,4,2 отдельные кровати и двуспальная кровать,"[""2 отдельные кровати"", ""двуспальная кровать""]","[""double""]","[{""bed"": ""double"", ""count"": 1}, {""bed"": ""single"", ""count"": 2}]",4,4451.00,4500.00,https://ostrovok.ru/hotel/russia/western_siberia_irkutsk_oblast_multi/mid10151922/dom_baykal_guest_house
dom_baykal_guest_house,10151922,Четырёхместный семейный номер Deluxe с красивым видом из окна (2 отдельные кровати и двуспальная кровать),3602014000U,2,1,2 отдельные кровати и двуспальная кровать,"[""2 отдельные кровати"", ""двуспальная кровать""]","[""double""]","[{""bed"": ""double"", ""count"": 1}, {""bed"": ""single"", ""count"": 2}]",4,5143.00,5200.00,https://ostrovok.ru/hotel/russia/western_siberia_irkutsk_oblast_multi/mid10151922/dom_baykal_guest_house
dom_baykal_guest_house,10151922,"Четырёхместный семейный номер Superior с видом на город (2 отдельные кровати, двуспальная кровать и диван)",35020140005,2,1,"2 отдельные кровати, двуспальная кровать и диван","[""2 отдельные кровати"", ""двуспальная кровать"", ""диван""]","[""double""]","[{""bed"": ""double"", ""count"": 1}, {""bed"": ""single"", ""count"": 2}, {""bed"": ""sofa-bed"", ""count"": 1}]",5,5934.00,6000.00,https://ostrovok.ru/hotel/russia/western_siberia_irkutsk_oblast_multi/mid10151922/dom_baykal_guest_house
arena_g_irkutsk,8491921,Одноместный номер Superior (общая ванная комната),3501001,2,4,,,"[""nobedding""]",,1,3128.00,3200.00,https://ostrovok.ru/hotel/russia/western_siberia_irkutsk_oblast_multi/mid8491921/arena_g_irkutsk
arena_g_irkutsk,8491921,Двухместный номер Superior (общая ванная комната) (2 отдельные кровати),3501402,2,6,2 отдельные кровати,"[""2 отдельные кровати""]","[""twin""]","[{""bed"": ""single"", ""count"": 2}]",2,4398.00,4500.00,https://ostrovok.ru/hotel/russia/western_siberia_irkutsk_oblast_multi/mid8491921/arena_g_irkutsk
arena_g_irkutsk,8491921,Двухместный семейный номер Standard с видом на город (двуспальная кровать и диван),32023120005,2,5,двуспальная кровать и диван,"[""двуспальная кровать"", ""диван""]","[""double""]","[{""bed"": ""double"", ""count"": 1}, {""bed"": ""sofa-bed"", ""count"": 1}]",3,5937.00,6000.00,https://ostrovok.ru/hotel/russia/western_siberia_irkutsk_oblast_multi/mid8491921/arena_g_irkutsk
modul,8585836,Одноместный номер Standard,3202001,2,1,,,"[""nobedding""]",,1,3431.00,4695.00,https://ostrovok.ru/hotel/russia/western_siberia_irkutsk_oblast_multi/mid8585836/modul
modul,8585836,Одноместный номер Economy (односпальная кровать),3102001,2,1,односпальная кровать,"[""односпальная кровать""]","[""nobedding""]","[{""bed"": ""single"", ""count"": 1}]",1,3463.00,4749.00,https://ostrovok.ru/hotel/russia/western_siberia_irkutsk_oblast_multi/mid8585836/modul
modul,8585836,Одноместный номер Comfort (односпальная кровать),3302001,2,2,односпальная кровать,"[""односпальная кровать""]","[""nobedding""]","[{""bed"": ""single"", ""count"": 1}]",1,3859.00,5145.00,https://ostrovok.ru/hotel/russia/western_siberia_irkutsk_oblast_multi/mid8585836/modul
modul,8585836,Двухместный номер Standard (двуспальная кровать),3202302,3,1,двуспальная кровать,"[""двуспальная кровать""]","[""double""]","[{""bed"": ""double"", ""count"": 1}]",2,4404.00,5442.00,https://ostrovok.ru/hotel/russia/western_siberia_irkutsk_oblast_multi/mid8585836/modul
modul,8585836,Двухместный номер Superior (двуспальная кровать),3502302,3,1,двуспальная кровать,"[""двуспальная кровать""]","[""double""]","[{""bed"": ""double"", ""count"": 1}]",2,4598.00,5640.00,https://ostrovok.ru/hotel/russia/western_siberia_irkutsk_oblast_multi/mid8585836/modul
luna_hotel_9,9752435,Двухместный номер Economy (общая ванная комната) (2 отдельные кровати),3101402,2,2,2 отдельные кровати,"[""2 отдельные кровати""]","[""twin""]","[{""bed"": ""single"", ""count"": 2}]",2,3000.00,3250.00,https://ostrovok.ru/hotel/russia/western_siberia_irkutsk_oblast_multi/mid9752435/luna_hotel_9
luna_hotel_9,9752435,Одноместный номер Comfort,3302001,1,1,,,"[""nobedding""]",,1,3300.00,3300.00,https://ostrovok.ru/hotel/russia/western_siberia_irkutsk_oblast_multi/mid9752435/luna_hotel_9
luna_hotel_9,9752435,Двухместный номер Comfort с видом на город (двуспальная кровать),33023020005,1,1,двуспальная кровать,"[""двуспальная кровать""]","[""double""]","[{""bed"": ""double"", ""count"": 1}]",2,3600.00,3600.00,https://ostrovok.ru/hotel/russia/western_siberia_irkutsk_oblast_multi/mid9752435/luna_hotel_9
luna_hotel_9,9752435,Двухместный номер Standard (2 отдельные кровати),3202402,2,1,2 отдельные кровати,"[""2 отдельные кровати""]","[""twin""]","[{""bed"": ""single"", ""count"": 2}]",2,3600.00,3850.00,https://ostrovok.ru/hotel/russia/western_siberia_irkutsk_oblast_multi/mid9752435/luna_hotel_9
gostevoi_dom_margobai,8735570,Кровать в общем номере (общая ванная комната) (3 кровати),1001,5,12,,,"[""nobedding""]",,1,1838.00,6188.00,https://ostrovok.ru/hotel/russia/western_siberia_irkutsk_oblast_multi/mid8735570/gostevoi_dom_margobai
gostevoi_dom_margobai,8735570,Двухместный номер Economy (общая ванная комната) (двуспальная кровать),3101302,5,1,двуспальная кровать,"[""двуспальная кровать""]","[""double""]","[{""bed"": ""double"", ""count"": 1}]",2,4644.00,9186.00,https://ostrovok.ru/hotel/russia/western_siberia_irkutsk_oblast_multi/mid8735570/gostevoi_dom_margobai
gostevoi_dom_margobai,8735570,Двухместный номер Economy (общая ванная комната) (2 отдельные кровати),3101402,5,6,2 отдельные кровати,"[""2 отдельные кровати""]","[""twin""]","[{""bed"": ""single"", ""count"": 2}]",2,4644.00,9186.00,https://ostrovok.ru/hotel/russia/western_siberia_irkutsk_oblast_multi/mid8735570/gostevoi_dom_margobai
gostevoi_dom_margobai,8735570,Трёхместный номер Economy (общая ванная комната) (двуспальная кровать и односпальная кровать),3101003,10,3,двуспальная кровать и односпальная кровать,"[""двуспальная кровать"", ""односпальная кровать""]","[""double""]","[{""bed"": ""double"", ""count"": 1}, {""bed"": ""single"", ""count"": 1}]",2,4644.00,10281.00,https://ostrovok.ru/hotel/russia/western_siberia_irkutsk_oblast_multi/mid8735570/gostevoi_dom_margobai
gostevoi_dom_margobai,8735570,Семейный номер Economy (общая ванная комната) (двуспальная кровать и односпальная кровать),310101,1,3,двуспальная кровать и односпальная кровать,"[""двуспальная кровать"", ""односпальная кровать""]","[""double""]","[{""bed"": ""double"", ""count"": 1}, {""bed"": ""single"", ""count"": 1}]",2,4742.00,4742.00,https://ostrovok.ru/hotel/russia/western_siberia_irkutsk_oblast_multi/mid8735570/gostevoi_dom_margobai
gostevoi_dom_margobai,8735570,Двухместный номер Standard (2 отдельные кровати),3202402,5,1,2 отдельные кровати,"[""2 отдельные кровати""]","[""twin""]","[{""bed"": ""single"", ""count"": 2}]",2,6675.00,11304.00,https://ostrovok.ru/hotel/russia/western_siberia_irkutsk_oblast_multi/mid8735570/gostevoi_dom_margobai
gostevoi_dom_margobai,8735570,Двухместный номер Standard (двуспальная кровать),3202302,5,4,двуспальная кровать,"[""двуспальная кровать""]","[""double""]","[{""bed"": ""double"", ""count"": 1}]",2,6675.00,11304.00,https://ostrovok.ru/hotel/russia/western_siberia_irkutsk_oblast_multi/mid8735570/gostevoi_dom_margobai
gostevoi_dom_margobai,8735570,Двухместный люкс (двуспальная кровать),5002302,6,3,двуспальная кровать,"[""двуспальная кровать""]","[""double""]","[{""bed"": ""double"", ""count"": 1}]",2,7933.00,12475.00,https://ostrovok.ru/hotel/russia/western_siberia_irkutsk_oblast_multi/mid8735570/gostevoi_dom_margobai
living_quarters_uyutnye_dlya_dvoikh,13970207,Номер Standard с видом на город (двуспальная кровать),32020000005,1,5,двуспальная кровать,"[""двуспальная кровать""]","[""double""]","[{""bed"": ""double"", ""count"": 1}]",2,2011.00,2011.00,https://ostrovok.ru/hotel/russia/western_siberia_irkutsk_oblast_multi/mid13970207/living_quarters_uyutnye_dlya_dvoikh
planeta_9,8850641,Двухместный номер Standard (двуспальная кровать),3202302,4,2,двуспальная кровать,"[""двуспальная кровать""]","[""double""]","[{""bed"": ""double"", ""count"": 1}]",2,2969.00,3220.00,https://ostrovok.ru/hotel/russia/western_siberia_irkutsk_oblast_multi/mid8850641/planeta_9
planeta_9,8850641,Двухместный номер Standard (2 отдельные кровати),3202402,4,3,2 отдельные кровати,"[""2 отдельные кровати""]","[""twin""]","[{""bed"": ""single"", ""count"": 2}]",2,2969.00,3220.00,https://ostrovok.ru/hotel/russia/western_siberia_irkutsk_oblast_multi/mid8850641/planeta_9
planeta_9,8850641,Двухместный полулюкс (двуспальная кровать),4002302,4,3,двуспальная кровать,"[""двуспальная кровать""]","[""double""]","[{""bed"": ""double"", ""count"": 1}]",2,3465.00,3715.00,https://ostrovok.ru/hotel/russia/western_siberia_irkutsk_oblast_multi/mid8850641/planeta_9
planeta_9,8850641,Двухместный люкс (двуспальная кровать),5002302,4,2,двуспальная кровать,"[""двуспальная кровать""]","[""double""]","[{""bed"": ""double"", ""count"": 1}]",2,4949.00,5200.00,https://ostrovok.ru/hotel/russia/western_siberia_irkutsk_oblast_multi/mid8850641/planeta_9
gostevoy_dom_chilla_villa_baikal,10373429,Коттедж,9002,1,1,,,"[""nobedding""]",,1,10928.00,10928.00,https://ostrovok.ru/hotel/russia/western_siberia_irkutsk_oblast_multi/mid10373429/gostevoy_dom_chilla_villa_baikal
gostevoj_dom_na_zvezdinskoj,6827039,Двухместный номер Standard (двуспальная кровать) (тип кровати может измениться),3202302,2,15,двуспальная кровать,"[""двуспальная кровать""]","[""double""]","[{""bed"": ""double"", ""count"": 1}]",2,4166.00,4250.00,https://ostrovok.ru/hotel/russia/western_siberia_irkutsk_oblast_multi/mid6827039/gostevoj_dom_na_zvezdinskoj
gostevoj_dom_na_zvezdinskoj,6827039,Двухместный номер Standard (2 отдельные кровати) (тип кровати может измениться),3202402,2,15,2 отдельные кровати,"[""2 отдельные кровати""]","[""twin""]","[{""bed"": ""single"", ""count"": 2}]",2,4166.00,4250.00,https://ostrovok.ru/hotel/russia/western_siberia_irkutsk_oblast_multi/mid6827039/gostevoj_dom_na_zvezdinskoj
gostevoj_dom_na_zvezdinskoj,6827039,Трёхместный номер Standard,3202003,2,5,,,"[""nobedding""]",,3,5882.00,6000.00,https://ostrovok.ru/hotel/russia/western_siberia_irkutsk_oblast_multi/mid6827039/gostevoj_dom_na_zvezdinskoj
vostochnaia,8682955,Одноместный номер Standard (односпальная кровать),3202001,2,1,односпальная кровать,"[""односпальная кровать""]","[""nobedding""]","[{""bed"": ""single"", ""count"": 1}]",1,4200.00,4750.00,https://ostrovok.ru/hotel/russia/western_siberia_irkutsk_oblast_multi/mid8682955/vostochnaia
vostochnaia,8682955,Двухместный номер Standard (двуспальная кровать),3202302,2,4,двуспальная кровать,"[""двуспальная кровать""]","[""double""]","[{""bed"": ""double"", ""count"": 1}]",2,4600.00,5150.00,https://ostrovok.ru/hotel/russia/western_siberia_irkutsk_oblast_multi/mid8682955/vostochnaia
vostochnaia,8682955,Двухместный номер Standard (2 отдельные кровати),3202402,2,8,2 отдельные кровати,"[""2 отдельные кровати""]","[""twin""]","[{""bed"": ""single"", ""count"": 2}]",2,5600.00,6700.00,https://ostrovok.ru/hotel/russia/western_siberia_irkutsk_oblast_multi/mid8682955/vostochnaia
vostochnaia,8682955,Трёхместный номер Standard (3 отдельные кровати),3202003,2,3,3 отдельные кровати,"[""3 отдельные кровати""]","[""nobedding""]","[{""bed"": ""single"", ""count"": 3}]",3,6300.00,7950.00,https://ostrovok.ru/hotel/russia/western_siberia_irkutsk_oblast_multi/mid8682955/vostochnaia
vostochnaia,8682955,Двухместный полулюкс (двуспальная кровать),4002302,2,4,двуспальная кровать,"[""двуспальная кровать""]","[""double""]","[{""bed"": ""double"", ""count"": 1}]",2,6500.00,7000.00,https://ostrovok.ru/hotel/russia/western_siberia_irkutsk_oblast_multi/mid8682955/vostochnaia
vostochnaia,8682955,Двухместный люкс (двуспальная кровать),5002302,1,1,двуспальная кровать,"[""двуспальная кровать""]","[""double""]","[{""bed"": ""double"", ""count"": 1}]",2,7500.00,7500.00,https://ostrovok.ru/hotel/russia/western_siberia_irkutsk_oblast_multi/mid8682955/vostochnaia
arena_on_sverdlov,10153554,Одноместный номер Economy (односпальная кровать) (в дополнительном здании),3102201,2,3,односпальная кровать,"[""односпальная кровать""]","[""nobedding""]","[{""bed"": ""single"", ""count"": 1}]",1,3125.00,3200.00,https://ostrovok.ru/hotel/russia/western_siberia_irkutsk_oblast_multi/mid10153554/arena_on_sverdlov
arena_on_sverdlov,10153554,Номер Economy,3102,8,3,,,"[""nobedding""]",,1,3192.00,7700.00,https://ostrovok.ru/hotel/russia/western_siberia_irkutsk_oblast_multi/mid10153554/arena_on_sverdlov
arena_on_sverdlov,10153554,Двухместный номер Economy (2 отдельные кровати) (в главном здании),3102402,4,5,2 отдельные кровати,"[""2 отдельные кровати""]","[""twin""]","[{""bed"": ""single"", ""count"": 2}]",2,4394.00,4500.00,https://ostrovok.ru/hotel/russia/western_siberia_irkutsk_oblast_multi/mid10153554/arena_on_sverdlov
arena_on_sverdlov,10153554,Трёхместный номер Economy,3102003,2,3,,,"[""nobedding""]",,3,5985.00,6000.00,https://ostrovok.ru/hotel/russia/western_siberia_irkutsk_oblast_multi/mid10153554/arena_on_sverdlov
hotel_kosmos_5,10212636,Трёхместный номер Standard,3202003,2,1,,,"[""nobedding""]",,3,2646.00,2675.00,https://ostrovok.ru/hotel/russia/western_siberia_irkutsk_oblast_multi/mid10212636/hotel_kosmos_5
hotel_kosmos_5,10212636,Двухместный номер Standard (двуспальная кровать),3202302,2,1,двуспальная кровать,"[""двуспальная кровать""]","[""double""]","[{""bed"": ""double"", ""count"": 1}]",2,5244.00,5300.00,https://ostrovok.ru/hotel/russia/western_siberia_irkutsk_oblast_multi/mid10212636/hotel_kosmos_5
yupiter,9987415,Двухместный номер Standard (2 отдельные кровати),3202402,2,8,2 отдельные кровати,"[""2 отдельные кровати""]","[""twin""]","[{""bed"": ""single"", ""count"": 2}]",2,3000.00,3300.00,https://ostrovok.ru/hotel/russia/western_siberia_irkutsk_oblast_multi/mid9987415/yupiter
yupiter,9987415,Двухместный номер Superior (двуспальная кровать),3502302,2,2,двуспальная кровать,"[""двуспальная кровать""]","[""double""]","[{""bed"": ""double"", ""count"": 1}]",2,3000.00,3300.00,https://ostrovok.ru/hotel/russia/western_siberia_irkutsk_oblast_multi/mid9987415/yupiter
baza_otdykha_village_hvoy,11339142,Двухместный номер Standard (двуспальная кровать),3202302,2,2,двуспальная кровать,"[""двуспальная кровать""]","[""double""]","[{""bed"": ""double"", ""count"": 1}]",2,7005.00,7080.00,https://ostrovok.ru/hotel/russia/western_siberia_irkutsk_oblast_multi/mid11339142/baza_otdykha_village_hvoy
baza_otdykha_village_hvoy,11339142,Семейный номер Classic,3B0201,2,4,,,"[""nobedding""]",,3,11676.00,11800.00,https://ostrovok.ru/hotel/russia/western_siberia_irkutsk_oblast_multi/mid11339142/baza_otdykha_village_hvoy
baza_otdykha_village_hvoy,11339142,Люкс Дуплекс,500200000002,2,2,,,"[""nobedding""]",,1,16346.00,16520.00,https://ostrovok.ru/hotel/russia/western_siberia_irkutsk_oblast_multi/mid11339142/baza_otdykha_village_hvoy
baza_otdykha_village_hvoy,11339142,Апартаменты Дуплекс,600200000002,2,2,,,"[""nobedding""]",,1,18682.00,18880.00,https://ostrovok.ru/hotel/russia/western_siberia_irkutsk_oblast_multi/mid11339142/baza_otdykha_village_hvoy
hotel_pushkin_2,6932873,Двухместный номер Стандарт (двуспальная кровать),3202302,5,1,двуспальная кровать,"[""двуспальная кровать""]","[""double""]","[{""bed"": ""double"", ""count"": 1}]",2,7653.00,9700.00,https://ostrovok.ru/hotel/russia/western_siberia_irkutsk_oblast_multi/mid6932873/hotel_pushkin_2
hotel_pushkin_2,6932873,Двухместный номер Стандарт Улучшенный (2 отдельные кровати),3502402,2,1,2 отдельные кровати,"[""2 отдельные кровати""]","[""twin""]","[{""bed"": ""single"", ""count"": 2}]",2,9693.00,9800.00,https://ostrovok.ru/hotel/russia/western_siberia_irkutsk_oblast_multi/mid6932873/hotel_pushkin_2
hotel_pushkin_2,6932873,Двухместный номер Стандарт Улучшенный (двуспальная кровать),3502302,4,1,двуспальная кровать,"[""двуспальная кровать""]","[""double""]","[{""bed"": ""double"", ""count"": 1}]",2,9693.00,11600.00,https://ostrovok.ru/hotel/russia/western_siberia_irkutsk_oblast_multi/mid6932873/hotel_pushkin_2
hotel_pushkin_2,6932873,Двухместная Номер Студио (двуспальная кровать) (кровать queen size),7002302,4,4,двуспальная кровать,"[""двуспальная кровать""]","[""double""]","[{""bed"": ""double"", ""count"": 1}]",2,11375.00,13300.00,https://ostrovok.ru/hotel/russia/western_siberia_irkutsk_oblast_multi/mid6932873/hotel_pushkin_2
hotel_pushkin_2,6932873,Двухместный номер Делюкс (двуспальная кровать) (кровать queen size),3602302,3,4,двуспальная кровать,"[""двуспальная кровать""]","[""double""]","[{""bed"": ""double"", ""count"": 1}]",2,13353.00,15300.00,https://ostrovok.ru/hotel/russia/western_siberia_irkutsk_oblast_multi/mid6932873/hotel_pushkin_2
hotel_pushkin_2,6932873,Двухместный номер Делюкс Премиум (двуспальная кровать) (кровать queen size),3A02302,3,1,двуспальная кровать,"[""двуспальная кровать""]","[""double""]","[{""bed"": ""double"", ""count"": 1}]",2,16320.00,18300.00,https://ostrovok.ru/hotel/russia/western_siberia_irkutsk_oblast_multi/mid6932873/hotel_pushkin_2
kheyvitsa_guest_house,11169967,Одноместный номер Русская печка (односпальная кровать),3B02201,1,1,односпальная кровать,"[""односпальная кровать""]","[""nobedding""]","[{""bed"": ""single"", ""count"": 1}]",1,4650.00,4650.00,https://ostrovok.ru/hotel/russia/western_siberia_irkutsk_oblast_multi/mid11169967/kheyvitsa_guest_house
kheyvitsa_guest_house,11169967,Двухместный номер Оливковый (двуспальная кровать),3302302,1,1,двуспальная кровать,"[""двуспальная кровать""]","[""double""]","[{""bed"": ""double"", ""count"": 1}]",2,5244.00,5244.00,https://ostrovok.ru/hotel/russia/western_siberia_irkutsk_oblast_multi/mid11169967/kheyvitsa_guest_house
kheyvitsa_guest_house,11169967,Двухместный номер Лазурный (двуспальная кровать),3402302,1,1,двуспальная кровать,"[""двуспальная кровать""]","[""double""]","[{""bed"": ""double"", ""count"": 1}]",2,5937.00,5937.00,https://ostrovok.ru/hotel/russia/western_siberia_irkutsk_oblast_multi/mid11169967/kheyvitsa_guest_house
kheyvitsa_guest_house,11169967,Двухместный полулюкс Кочевник (двуспальная кровать) (кресло-кровать),4602302,1,1,двуспальная кровать,"[""двуспальная кровать""]","[""chair-bed""]","[{""bed"": ""double"", ""count"": 1}, {""bed"": ""chair-bed"", ""count"": 1}]",2,5937.00,5937.00,https://ostrovok.ru/hotel/russia/western_siberia_irkutsk_oblast_multi/mid11169967/kheyvitsa_guest_house
kheyvitsa_guest_house,11169967,Двухместный номер Купеческий (двуспальная кровать) (кровать king size),3E02302,1,1,двуспальная кровать,"[""двуспальная кровать""]","[""double""]","[{""bed"": ""double"", ""count"": 1}]",2,5937.00,5937.00,https://ostrovok.ru/hotel/russia/western_siberia_irkutsk_oblast_multi/mid11169967/kheyvitsa_guest_house
kheyvitsa_guest_house,11169967,Двухместный полулюкс Монгольский Хан (двуспальная кровать) (кресло-кровать),4A02302,1,1,двуспальная кровать,"[""двуспальная кровать""]","[""chair-bed""]","[{""bed"": ""double"", ""count"": 1}, {""bed"": ""chair-bed"", ""count"": 1}]",2,6530.00,6530.00,https://ostrovok.ru/hotel/russia/western_siberia_irkutsk_oblast_multi/mid11169967/kheyvitsa_guest_house
kheyvitsa_guest_house,11169967,Двухместный полулюкс Царские палаты (двуспальная кровать и диван),4F02302,1,1,двуспальная кровать и диван,"[""двуспальная кровать"", ""диван""]","[""double""]","[{""bed"": ""double"", ""count"": 1}, {""bed"": ""sofa-bed"", ""count"": 1}]",3,7223.00,7223.00,https://ostrovok.ru/hotel/russia/western_siberia_irkutsk_oblast_multi/mid11169967/kheyvitsa_guest_house
katantsa_hotel,13328659,Двухместный номер Comfort (двуспальная кровать),3302302,1,6,двуспальная кровать,"[""двуспальная кровать""]","[""double""]","[{""bed"": ""double"", ""count"": 1}]",2,4500.00,4500.00,https://ostrovok.ru/hotel/russia/western_siberia_irkutsk_oblast_multi/mid13328659/katantsa_hotel
katantsa_hotel,13328659,Двухместный номер Standard (двуспальная кровать),3202302,1,5,двуспальная кровать,"[""двуспальная кровать""]","[""double""]","[{""bed"": ""double"", ""count"": 1}]",2,4500.00,4500.00,https://ostrovok.ru/hotel/russia/western_siberia_irkutsk_oblast_multi/mid13328659/katantsa_hotel
katantsa_hotel,13328659,Двухместный номер Standard (2 отдельные кровати),3202402,1,5,2 отдельные кровати,"[""2 отдельные кровати""]","[""twin""]","[{""bed"": ""single"", ""count"": 2}]",2,4500.00,4500.00,https://ostrovok.ru/hotel/russia/western_siberia_irkutsk_oblast_multi/mid13328659/katantsa_hotel
katantsa_hotel,13328659,Двухместный номер Classic (двуспальная кровать) (кресло-кровать),3B02302,1,2,двуспальная кровать,"[""двуспальная кровать""]","[""chair-bed""]","[{""bed"": ""double"", ""count"": 1}, {""bed"": ""chair-bed"", ""count"": 1}]",2,5000.00,5000.00,https://ostrovok.ru/hotel/russia/western_siberia_irkutsk_oblast_multi/mid13328659/katantsa_hotel
katantsa_hotel,13328659,Двухместный люкс Comfort (двуспальная кровать),5302302,1,1,двуспальная кровать,"[""двуспальная кровать""]","[""double""]","[{""bed"": ""double"", ""count"": 1}]",2,7000.00,7000.00,https://ostrovok.ru/hotel/russia/western_siberia_irkutsk_oblast_multi/mid13328659/katantsa_hotel
aura_living_quarters,13743326,Люкс с красивым видом из окна (2 отдельные кровати),5002000000U,1,6,2 отдельные кровати,"[""2 отдельные кровати""]","[""twin""]","[{""bed"": ""single"", ""count"": 2}]",2,5838.00,5838.00,https://ostrovok.ru/hotel/russia/western_siberia_irkutsk_oblast_multi/mid13743326/aura_living_quarters
v_derevne_guest_house,11341246,Шестиместный номер Standard с видом на горы (двуспальная кровать) (внешняя собственная ванная комната),3203006000F,3,3,двуспальная кровать,"[""двуспальная кровать""]","[""double""]","[{""bed"": ""double"", ""count"": 1}]",2,2389.00,2389.00,https://ostrovok.ru/hotel/russia/western_siberia_irkutsk_oblast_multi/mid11341246/v_derevne_guest_house
hotel_dacha_baikaleco,10010618,Бунгало (двуспальная кровать),A002,4,4,двуспальная кровать,"[""двуспальная кровать""]","[""double""]","[{""bed"": ""double"", ""count"": 1}]",2,6000.00,10000.00,https://ostrovok.ru/hotel/russia/western_siberia_irkutsk_oblast_multi/mid10010618/hotel_dacha_baikaleco
hotel_dacha_baikaleco,10010618,Барнхаус (двуспальная кровать),9002,4,3,двуспальная кровать,"[""двуспальная кровать""]","[""double""]","[{""bed"": ""double"", ""count"": 1}]",2,8400.00,14000.00,https://ostrovok.ru/hotel/russia/western_siberia_irkutsk_oblast_multi/mid10010618/hotel_dacha_baikaleco
shelest,8664834,Двухместный номер Standard с красивым видом из окна (двуспальная кровать),3202302000U,2,3,двуспальная кровать,"[""двуспальная кровать""]","[""double""]","[{""bed"": ""double"", ""count"": 1}]",2,4908.00,4960.00,https://ostrovok.ru/hotel/russia/western_siberia_irkutsk_oblast_multi/mid8664834/shelest
shelest,8664834,Двухместный номер Standard с красивым видом из окна (2 отдельные кровати),3202402000U,2,5,2 отдельные кровати,"[""2 отдельные кровати""]","[""twin""]","[{""bed"": ""single"", ""count"": 2}]",2,4908.00,4960.00,https://ostrovok.ru/hotel/russia/western_siberia_irkutsk_oblast_multi/mid8664834/shelest
guest_house_baykal,13644417,Двухместные апартаменты Superior с красивым видом из окна (2 отдельные кровати и диван),6502402000U,1,4,2 отдельные кровати и диван,"[""2 отдельные кровати"", ""диван""]","[""sofa-bed""]","[{""bed"": ""single"", ""count"": 2}, {""bed"": ""sofa-bed"", ""count"": 1}]",3,6926.00,6926.00,https://ostrovok.ru/hotel/russia/western_siberia_irkutsk_oblast_multi/mid13644417/guest_house_baykal
guest_house_baykal,13644417,Двухместные апартаменты Superior (двуспальная кровать и диван) (кровать king size),6502302,1,1,двуспальная кровать и диван,"[""двуспальная кровать"", ""диван""]","[""double""]","[{""bed"": ""double"", ""count"": 1}, {""bed"": ""sofa-bed"", ""count"": 1}]",3,7916.00,7916.00,https://ostrovok.ru/hotel/russia/western_siberia_irkutsk_oblast_multi/mid13644417/guest_house_baykal
beliy_sobol_parkhotel,8571122,Двухместный номер Standard (2 отдельные кровати),3202402,2,2,2 отдельные кровати,"[""2 отдельные кровати""]","[""twin""]","[{""bed"": ""single"", ""count"": 2}]",2,8200.00,8200.00,https://ostrovok.ru/hotel/russia/western_siberia_irkutsk_oblast_multi/mid8571122/beliy_sobol_parkhotel
beliy_sobol_parkhotel,8571122,Двухместный номер Standard (двуспальная кровать),3202302,2,2,двуспальная кровать,"[""двуспальная кровать""]","[""double""]","[{""bed"": ""double"", ""count"": 1}]",2,8200.00,8200.00,https://ostrovok.ru/hotel/russia/western_siberia_irkutsk_oblast_multi/mid8571122/beliy_sobol_parkhotel
beliy_sobol_parkhotel,8571122,Семейный номер Premium,3A0201,2,4,,,"[""nobedding""]",,3,11200.00,11200.00,https://ostrovok.ru/hotel/russia/western_siberia_irkutsk_oblast_multi/mid8571122/beliy_sobol_parkhotel
beliy_sobol_parkhotel,8571122,Коттедж Prestige,9G02,2,2,,,"[""nobedding""]",,1,25000.00,25000.00,https://ostrovok.ru/hotel/russia/western_siberia_irkutsk_oblast_multi/mid8571122/beliy_sobol_parkhotel
nochleg_i_zavtrak_bb_shambala,10012287,Двухместный номер Standard с видом на озеро (2 отдельные кровати),3202402000D,1,9,2 отдельные кровати,"[""2 отдельные кровати""]","[""twin""]","[{""bed"": ""single"", ""count"": 2}]",2,7916.00,7916.00,https://ostrovok.ru/hotel/russia/western_siberia_irkutsk_oblast_multi/mid10012287/nochleg_i_zavtrak_bb_shambala
izumrud_hotel_7,13287135,Номер Superior,3502,2,2,,,"[""nobedding""]",,1,5296.00,5820.00,https://ostrovok.ru/hotel/russia/western_siberia_irkutsk_oblast_multi/mid13287135/izumrud_hotel_7
private_house_uedinenny_dom_na_beregu_zhivopisnoy_zavodi,13380749,Апартаменты с 3 комнатами (3 двуспальные кровати и 3 дивана),600200003,1,1,3 двуспальные кровати и 3 дивана,"[""3 двуспальные кровати"", ""3 дивана""]","[""nobedding""]","[{""bed"": ""double"", ""count"": 3}, {""bed"": ""sofa-bed"", ""count"": 3}]",3,24243.00,24243.00,https://ostrovok.ru/hotel/russia/western_siberia_irkutsk_oblast_multi/mid13380749/private_house_uedinenny_dom_na_beregu_zhivopisnoy_zavodi
less_guest_house,11308288,Двухместный номер Standard с красивым видом из окна (двуспальная кровать) (кровать king size),3202302000U,2,3,двуспальная кровать,"[""двуспальная кровать""]","[""double""]","[{""bed"": ""double"", ""count"": 1}]",2,11983.00,12100.00,https://ostrovok.ru/hotel/russia/western_siberia_irkutsk_oblast_multi/mid11308288/less_guest_house
less_guest_house,11308288,Двухместный номер Standard с видом на горы (2 отдельные кровати),3202402000F,2,1,2 отдельные кровати,"[""2 отдельные кровати""]","[""twin""]","[{""bed"": ""single"", ""count"": 2}]",2,11983.00,12100.00,https://ostrovok.ru/hotel/russia/western_siberia_irkutsk_oblast_multi/mid11308288/less_guest_house
less_guest_house,11308288,VIP дом,9002,1,1,,,"[""nobedding""]",,1,24758.00,24758.00,https://ostrovok.ru/hotel/russia/western_siberia_irkutsk_oblast_multi/mid11308288/less_guest_house
ozerny_tulun_sports_complex_na_karbysheva_185_apartment,13430623,Двухместный номер Standard с балконом (двуспальная кровать),3202302001,2,2,двуспальная кровать,"[""двуспальная кровать""]","[""double""]","[{""bed"": ""double"", ""count"": 1}]",2,3560.00,3600.00,https://ostrovok.ru/hotel/russia/western_siberia_irkutsk_oblast_multi/mid13430623/ozerny_tulun_sports_complex_na_karbysheva_185_apartment
krestovaya_pad_hotel,7784565,Двухместный номер Стандарт (2 отдельные кровати),3202402,1,1,2 отдельные кровати,"[""2 отдельные кровати""]","[""twin""]","[{""bed"": ""single"", ""count"": 2}]",2,9500.00,9500.00,https://ostrovok.ru/hotel/russia/western_siberia_irkutsk_oblast_multi/mid7784565/krestovaya_pad_hotel
krestovaya_pad_hotel,7784565,Двухместный номер Улучшенный Стандарт (2 отдельные кровати),3502402,1,1,2 отдельные кровати,"[""2 отдельные кровати""]","[""twin""]","[{""bed"": ""single"", ""count"": 2}]",2,10900.00,10900.00,https://ostrovok.ru/hotel/russia/western_siberia_irkutsk_oblast_multi/mid7784565/krestovaya_pad_hotel
krestovaya_pad_hotel,7784565,Двухместный Джуниор Сюит (2 отдельные кровати),4002402,1,1,2 отдельные кровати,"[""2 отдельные кровати""]","[""twin""]","[{""bed"": ""single"", ""count"": 2}]",2,11500.00,11500.00,https://ostrovok.ru/hotel/russia/western_siberia_irkutsk_oblast_multi/mid7784565/krestovaya_pad_hotel
krestovaya_pad_hotel,7784565,Двухместный Джуниор Сюит (двуспальная кровать),4002302,1,1,двуспальная кровать,"[""двуспальная кровать""]","[""double""]","[{""bed"": ""double"", ""count"": 1}]",2,11500.00,11500.00,https://ostrovok.ru/hotel/russia/western_siberia_irkutsk_oblast_multi/mid7784565/krestovaya_pad_hotel
krestovaya_pad_hotel,7784565,Двухместный номер Делюкс (двуспальная кровать),3602302,1,1,двуспальная кровать,"[""двуспальная кровать""]","[""double""]","[{""bed"": ""double"", ""count"": 1}]",2,13500.00,13500.00,https://ostrovok.ru/hotel/russia/western_siberia_irkutsk_oblast_multi/mid7784565/krestovaya_pad_hotel
krestovaya_pad_hotel,7784565,Двухместный номер Делюкс (2 отдельные кровати),3602402,1,1,2 отдельные кровати,"[""2 отдельные кровати""]","[""twin""]","[{""bed"": ""single"", ""count"": 2}]",2,13500.00,13500.00,https://ostrovok.ru/hotel/russia/western_siberia_irkutsk_oblast_multi/mid7784565/krestovaya_pad_hotel
krestovaya_pad_hotel,7784565,Двухместный люкс с кухней с балконом и с красивым видом из окна (двуспальная кровать) (кухня),5302302001U,1,1,двуспальная кровать,"[""двуспальная кровать""]","[""double""]","[{""bed"": ""double"", ""count"": 1}]",2,18000.00,18000.00,https://ostrovok.ru/hotel/russia/western_siberia_irkutsk_oblast_multi/mid7784565/krestovaya_pad_hotel
krestovaya_pad_hotel,7784565,VIP Коттедж с балконом и с красивым видом из окна,9002000001U,1,1,,,"[""nobedding""]",,1,48000.00,48000.00,https://ostrovok.ru/hotel/russia/western_siberia_irkutsk_oblast_multi/mid7784565/krestovaya_pad_hotel
lada_8,8878913,Номер Economy Мансарда с видом на озеро (общая ванная комната),3101000000D4,2,5,,,"[""nobedding""]",,1,3900.00,6400.00,https://ostrovok.ru/hotel/russia/western_siberia_irkutsk_oblast_multi/mid8878913/lada_8
lada_8,8878913,Трёхместный номер Economy (общая ванная комната),3101003,6,1,,,"[""nobedding""]",,3,3900.00,10300.00,https://ostrovok.ru/hotel/russia/western_siberia_irkutsk_oblast_multi/mid8878913/lada_8
lada_8,8878913,Двухместный номер Standard с красивым видом из окна (2 отдельные кровати),3202402000U,2,3,2 отдельные кровати,"[""2 отдельные кровати""]","[""twin""]","[{""bed"": ""single"", ""count"": 2}]",2,6500.00,9000.00,https://ostrovok.ru/hotel/russia/western_siberia_irkutsk_oblast_multi/mid8878913/lada_8
lada_8,8878913,Одноместный номер Standard с видом на парк (односпальная кровать),3202001000I,2,1,односпальная кровать,"[""односпальная кровать""]","[""nobedding""]","[{""bed"": ""single"", ""count"": 1}]",1,6500.00,9000.00,https://ostrovok.ru/hotel/russia/western_siberia_irkutsk_oblast_multi/mid8878913/lada_8
lada_8,8878913,Двухместный номер Comfort Мансарда с красивым видом из окна (2 отдельные кровати),3302402000U4,2,2,2 отдельные кровати,"[""2 отдельные кровати""]","[""twin""]","[{""bed"": ""single"", ""count"": 2}]",2,7800.00,10300.00,https://ostrovok.ru/hotel/russia/western_siberia_irkutsk_oblast_multi/mid8878913/lada_8
lada_8,8878913,Двухместный номер Comfort Мансарда с красивым видом из окна (двуспальная кровать),3302302000U4,2,2,двуспальная кровать,"[""двуспальная кровать""]","[""double""]","[{""bed"": ""double"", ""count"": 1}]",2,7800.00,10300.00,https://ostrovok.ru/hotel/russia/western_siberia_irkutsk_oblast_multi/mid8878913/lada_8
lada_8,8878913,Трёхместный номер Superior с красивым видом из окна,3502003000U,2,1,,,"[""nobedding""]",,3,7800.00,10300.00,https://ostrovok.ru/hotel/russia/western_siberia_irkutsk_oblast_multi/mid8878913/lada_8
camping_yelochka_kempinghotel,13868693,Двухместный коттедж Стандарт № 12 (двуспальная кровать),9A02302,2,20,двуспальная кровать,"[""двуспальная кровать""]","[""double""]","[{""bed"": ""double"", ""count"": 1}]",2,4541.00,4590.00,https://ostrovok.ru/hotel/russia/western_siberia_irkutsk_oblast_multi/mid13868693/camping_yelochka_kempinghotel
camping_yelochka_kempinghotel,13868693,Коттедж Комфорт № 5 (двуспальная кровать и диван),9402,2,3,двуспальная кровать и диван,"[""двуспальная кровать"", ""диван""]","[""double""]","[{""bed"": ""double"", ""count"": 1}, {""bed"": ""sofa-bed"", ""count"": 1}]",3,7817.00,7900.00,https://ostrovok.ru/hotel/russia/western_siberia_irkutsk_oblast_multi/mid13868693/camping_yelochka_kempinghotel
camping_yelochka_kempinghotel,13868693,Коттедж с 2 комнатами (двуспальная кровать и диван),900200002,2,2,двуспальная кровать и диван,"[""двуспальная кровать"", ""диван""]","[""double""]","[{""bed"": ""double"", ""count"": 1}, {""bed"": ""sofa-bed"", ""count"": 1}]",3,7817.00,7900.00,https://ostrovok.ru/hotel/russia/western_siberia_irkutsk_oblast_multi/mid13868693/camping_yelochka_kempinghotel
camping_yelochka_kempinghotel,13868693,Коттедж Комфорт № 6 с 2 комнатами (2 двуспальные кровати),950200002,2,3,2 двуспальные кровати,"[""2 двуспальные кровати""]","[""nobedding""]","[{""bed"": ""double"", ""count"": 2}]",2,10686.00,10800.00,https://ostrovok.ru/hotel/russia/western_siberia_irkutsk_oblast_multi/mid13868693/camping_yelochka_kempinghotel
camping_yelochka_kempinghotel,13868693,Коттедж с 3 спальнями (3 двуспальные кровати),900200003,2,4,3 двуспальные кровати,"[""3 двуспальные кровати""]","[""nobedding""]","[{""bed"": ""double"", ""count"": 3}]",2,15436.00,15600.00,https://ostrovok.ru/hotel/russia/western_siberia_irkutsk_oblast_multi/mid13868693/camping_yelochka_kempinghotel
camping_yelochka_kempinghotel,13868693,"Коттедж Семейный № 1, 2 (3 двуспальные кровати)",9B02,2,2,3 двуспальные кровати,"[""3 двуспальные кровати""]","[""nobedding""]","[{""bed"": ""double"", ""count"": 3}]",2,18701.00,18900.00,https://ostrovok.ru/hotel/russia/western_siberia_irkutsk_oblast_multi/mid13868693/camping_yelochka_kempinghotel
hostel_katrin_2,11309585,Кровать в общем номере (мужской номер) (общая ванная комната) (2 двухъярусные кровати) (4 кровати),10117,1,6,2 двухъярусные кровати,"[""2 двухъярусные кровати""]","[""nobedding""]","[{""bed"": ""bunk-bed"", ""count"": 2}]",1,1237.00,1237.00,https://ostrovok.ru/hotel/russia/western_siberia_irkutsk_oblast_multi/mid11309585/hostel_katrin_2
hostel_katrin_2,11309585,Кровать в общем номере (женский номер) (общая ванная комната) (4 двухъярусные кровати) (8 кроватей),10217,1,8,4 двухъярусные кровати,"[""4 двухъярусные кровати""]","[""nobedding""]","[{""bed"": ""bunk-bed"", ""count"": 4}]",1,1237.00,1237.00,https://ostrovok.ru/hotel/russia/western_siberia_irkutsk_oblast_multi/mid11309585/hostel_katrin_2
meridian_7,6297237,Одноместный номер Standard Plus (односпальная кровать),3B02001,1,3,односпальная кровать,"[""односпальная кровать""]","[""nobedding""]","[{""bed"": ""single"", ""count"": 1}]",1,4200.00,4200.00,https://ostrovok.ru/hotel/russia/western_siberia_irkutsk_oblast_multi/mid6297237/meridian_7
meridian_7,6297237,Двухместный люкс (двуспальная кровать),5002302,2,1,двуспальная кровать,"[""двуспальная кровать""]","[""double""]","[{""bed"": ""double"", ""count"": 1}]",2,6513.00,6600.00,https://ostrovok.ru/hotel/russia/western_siberia_irkutsk_oblast_multi/mid6297237/meridian_7
meridian_7,6297237,Двухместный полулюкс (двуспальная кровать) (тип кровати может измениться),4002302,1,2,двуспальная кровать,"[""двуспальная кровать""]","[""double""]","[{""bed"": ""double"", ""count"": 1}]",2,6600.00,6600.00,https://ostrovok.ru/hotel/russia/western_siberia_irkutsk_oblast_multi/mid6297237/meridian_7
meridian_7,6297237,Номер VIP (двуспальная кровать),3602,1,1,двуспальная кровать,"[""двуспальная кровать""]","[""double""]","[{""bed"": ""double"", ""count"": 1}]",2,8000.00,8000.00,https://ostrovok.ru/hotel/russia/western_siberia_irkutsk_oblast_multi/mid6297237/meridian_7
gostinitsa_undina,9079103,Номер Стандартный (2 отдельные кровати),3202,1,6,2 отдельные кровати,"[""2 отдельные кровати""]","[""twin""]","[{""bed"": ""single"", ""count"": 2}]",2,7421.00,7421.00,https://ostrovok.ru/hotel/russia/western_siberia_irkutsk_oblast_multi/mid9079103/gostinitsa_undina
gostinitsa_undina,9079103,Номер Плюс Стандартный с видом на горы (2 отдельные кровати),3202000100F,1,16,2 отдельные кровати,"[""2 отдельные кровати""]","[""twin""]","[{""bed"": ""single"", ""count"": 2}]",2,7421.00,7421.00,https://ostrovok.ru/hotel/russia/western_siberia_irkutsk_oblast_multi/mid9079103/gostinitsa_undina
gostinitsa_undina,9079103,Номер семейный Стандартный (двуспальная кровать),320201,1,5,двуспальная кровать,"[""двуспальная кровать""]","[""double""]","[{""bed"": ""double"", ""count"": 1}]",2,8905.00,8905.00,https://ostrovok.ru/hotel/russia/western_siberia_irkutsk_oblast_multi/mid9079103/gostinitsa_undina
gostinitsa_undina,9079103,Полулюкс (двуспальная кровать),4002,1,1,двуспальная кровать,"[""двуспальная кровать""]","[""double""]","[{""bed"": ""double"", ""count"": 1}]",2,21373.00,21373.00,https://ostrovok.ru/hotel/russia/western_siberia_irkutsk_oblast_multi/mid9079103/gostinitsa_undina
gostinitsa_undina,9079103,Люкс (двуспальная кровать),5002,1,1,двуспальная кровать,"[""двуспальная кровать""]","[""double""]","[{""bed"": ""double"", ""count"": 1}]",2,27310.00,27310.00,https://ostrovok.ru/hotel/russia/western_siberia_irkutsk_oblast_multi/mid9079103/gostinitsa_undina
tengis_park_hotel,11311730,Коттедж c 1 комнатой с красивым видом из окна,9002000010U,1,1,,,"[""nobedding""]",,1,12858.00,12858.00,https://ostrovok.ru/hotel/russia/western_siberia_irkutsk_oblast_multi/mid11311730/tengis_park_hotel
tengis_park_hotel,11311730,Коттедж с 2 комнатами с красивым видом из окна,9002000020U,1,7,,,"[""nobedding""]",,1,19782.00,19782.00,https://ostrovok.ru/hotel/russia/western_siberia_irkutsk_oblast_multi/mid11311730/tengis_park_hotel
royal_hotel_33,6362904,Одноместный номер Standard,3202001,2,1,,,"[""nobedding""]",,1,3878.00,4460.00,https://ostrovok.ru/hotel/russia/western_siberia_irkutsk_oblast_multi/mid6362904/royal_hotel_33
royal_hotel_33,6362904,Двухместный номер Standard с видом на город (2 отдельные кровати),32024020005,2,6,2 отдельные кровати,"[""2 отдельные кровати""]","[""twin""]","[{""bed"": ""single"", ""count"": 2}]",2,4358.00,4953.00,https://ostrovok.ru/hotel/russia/western_siberia_irkutsk_oblast_multi/mid6362904/royal_hotel_33
royal_hotel_33,6362904,Двухместный номер Standard с видом на город (двуспальная кровать),32023020005,2,8,двуспальная кровать,"[""двуспальная кровать""]","[""double""]","[{""bed"": ""double"", ""count"": 1}]",2,5151.00,5745.00,https://ostrovok.ru/hotel/russia/western_siberia_irkutsk_oblast_multi/mid6362904/royal_hotel_33
royal_hotel_33,6362904,Двухместный полулюкс (двуспальная кровать),4002302,2,2,двуспальная кровать,"[""двуспальная кровать""]","[""double""]","[{""bed"": ""double"", ""count"": 1}]",2,6400.00,6981.00,https://ostrovok.ru/hotel/russia/western_siberia_irkutsk_oblast_multi/mid6362904/royal_hotel_33
royal_hotel_33,6362904,Апартаменты с видом на город,60020000005,3,2,,,"[""nobedding""]",,1,8609.00,9196.00,https://ostrovok.ru/hotel/russia/western_siberia_irkutsk_oblast_multi/mid6362904/royal_hotel_33
rodnye_berega_holiday_park_,6513363,Номер Standard (двухъярусная кровать и односпальная кровать),3202,2,2,двухъярусная кровать и односпальная кровать,"[""двухъярусная кровать"", ""односпальная кровать""]","[""bunk-bed""]","[{""bed"": ""single"", ""count"": 1}, {""bed"": ""bunk-bed"", ""count"": 1}]",1,10000.00,10000.00,https://ostrovok.ru/hotel/russia/western_siberia_irkutsk_oblast_multi/mid6513363/rodnye_berega_holiday_park_
rodnye_berega_holiday_park_,6513363,Апартаменты c 1 комнатой,600200001,2,1,,,"[""nobedding""]",,1,20000.00,30000.00,https://ostrovok.ru/hotel/russia/western_siberia_irkutsk_oblast_multi/mid6513363/rodnye_berega_holiday_park_
hotel_complex_baikalov_ostrog,8027714,Номер Классический Стандарт с красивым видом из окна (2 отдельные кровати),3B02000000U,4,22,2 отдельные кровати,"[""2 отдельные кровати""]","[""twin""]","[{""bed"": ""single"", ""count"": 2}]",2,10500.00,10500.00,https://ostrovok.ru/hotel/russia/western_siberia_irkutsk_oblast_multi/mid8027714/hotel_complex_baikalov_ostrog
hotel_complex_baikalov_ostrog,8027714,Номер Стандарт с красивым видом из окна (двуспальная кровать),3202000000U,4,38,двуспальная кровать,"[""двуспальная кровать""]","[""double""]","[{""bed"": ""double"", ""count"": 1}]",2,10500.00,10500.00,https://ostrovok.ru/hotel/russia/western_siberia_irkutsk_oblast_multi/mid8027714/hotel_complex_baikalov_ostrog
hotel_complex_baikalov_ostrog,8027714,Люкс с красивым видом из окна (двуспальная кровать),5002000000U,2,4,двуспальная кровать,"[""двуспальная кровать""]","[""double""]","[{""bed"": ""double"", ""count"": 1}]",2,18000.00,18000.00,https://ostrovok.ru/hotel/russia/western_siberia_irkutsk_oblast_multi/mid8027714/hotel_complex_baikalov_ostrog
hotel_complex_baikalov_ostrog,8027714,Апартаменты с красивым видом из окна (3 дивана),6002000000U,4,1,3 дивана,"[""3 дивана""]","[""nobedding""]","[{""bed"": ""sofa-bed"", ""count"": 3}]",1,36000.00,36000.00,https://ostrovok.ru/hotel/russia/western_siberia_irkutsk_oblast_multi/mid8027714/hotel_complex_baikalov_ostrog
hotel_barguzin,10012829,Трёхместный номер Superior,3502003,2,2,,,"[""nobedding""]",,3,7916.00,8000.00,https://ostrovok.ru/hotel/russia/western_siberia_irkutsk_oblast_multi/mid10012829/hotel_barguzin
hotel_barguzin,10012829,Трёхместный номер Standard,3202003,2,2,,,"[""nobedding""]",,3,7916.00,8000.00,https://ostrovok.ru/hotel/russia/western_siberia_irkutsk_oblast_multi/mid10012829/hotel_barguzin
hotel_barguzin,10012829,Одноместный семейный номер Standard,3202011,2,2,,,"[""nobedding""]",,3,9895.00,10000.00,https://ostrovok.ru/hotel/russia/western_siberia_irkutsk_oblast_multi/mid10012829/hotel_barguzin
hotel_barguzin,10012829,Четырёхместный номер Standard,3202004,2,2,,,"[""nobedding""]",,4,9895.00,10000.00,https://ostrovok.ru/hotel/russia/western_siberia_irkutsk_oblast_multi/mid10012829/hotel_barguzin
u_istoka_hotel,7675302,Двухместный номер Standard (двуспальная кровать),3202302,2,1,двуспальная кровать,"[""двуспальная кровать""]","[""double""]","[{""bed"": ""double"", ""count"": 1}]",2,3400.00,4000.00,https://ostrovok.ru/hotel/russia/western_siberia_irkutsk_oblast_multi/mid7675302/u_istoka_hotel
u_istoka_hotel,7675302,Трёхместный номер Standard,3202003,2,2,,,"[""nobedding""]",,3,4300.00,5500.00,https://ostrovok.ru/hotel/russia/western_siberia_irkutsk_oblast_multi/mid7675302/u_istoka_hotel
u_istoka_hotel,7675302,Двухместный полулюкс (двуспальная кровать),4002302,2,3,двуспальная кровать,"[""двуспальная кровать""]","[""double""]","[{""bed"": ""double"", ""count"": 1}]",2,6100.00,6700.00,https://ostrovok.ru/hotel/russia/western_siberia_irkutsk_oblast_multi/mid7675302/u_istoka_hotel
recreation_complex_altan,7613629,Двухместный номер Standard с балконом (2 отдельные кровати),3202402001,1,8,2 отдельные кровати,"[""2 отдельные кровати""]","[""twin""]","[{""bed"": ""single"", ""count"": 2}]",2,14842.00,14842.00,https://ostrovok.ru/hotel/russia/western_siberia_irkutsk_oblast_multi/mid7613629/recreation_complex_altan
recreation_complex_altan,7613629,Двухместный номер Standard с балконом (двуспальная кровать),3202302001,1,8,двуспальная кровать,"[""двуспальная кровать""]","[""double""]","[{""bed"": ""double"", ""count"": 1}]",2,14842.00,14842.00,https://ostrovok.ru/hotel/russia/western_siberia_irkutsk_oblast_multi/mid7613629/recreation_complex_altan
recreation_complex_altan,7613629,Двухместное шале (2 отдельные кровати) (терраса),B002402,1,2,2 отдельные кровати,"[""2 отдельные кровати""]","[""twin""]","[{""bed"": ""single"", ""count"": 2}]",2,18553.00,18553.00,https://ostrovok.ru/hotel/russia/western_siberia_irkutsk_oblast_multi/mid7613629/recreation_complex_altan
recreation_complex_altan,7613629,Двухместное шале (двуспальная кровать) (терраса),B002302,1,2,двуспальная кровать,"[""двуспальная кровать""]","[""double""]","[{""bed"": ""double"", ""count"": 1}]",2,18553.00,18553.00,https://ostrovok.ru/hotel/russia/western_siberia_irkutsk_oblast_multi/mid7613629/recreation_complex_altan
recreation_complex_altan,7613629,Полулюкс с 2 комнатами с балконом и с красивым видом из окна (4 отдельные кровати и диван),4002000021U,3,4,4 отдельные кровати и диван,"[""4 отдельные кровати"", ""диван""]","[""sofa-bed""]","[{""bed"": ""single"", ""count"": 4}, {""bed"": ""sofa-bed"", ""count"": 1}]",1,30922.00,30922.00,https://ostrovok.ru/hotel/russia/western_siberia_irkutsk_oblast_multi/mid7613629/recreation_complex_altan
recreation_complex_altan,7613629,Люкс с 2 комнатами с балконом и с красивым видом из окна (4 отдельные кровати и диван),5002000021U,4,4,4 отдельные кровати и диван,"[""4 отдельные кровати"", ""диван""]","[""sofa-bed""]","[{""bed"": ""single"", ""count"": 4}, {""bed"": ""sofa-bed"", ""count"": 1}]",1,37107.00,39953.00,https://ostrovok.ru/hotel/russia/western_siberia_irkutsk_oblast_multi/mid7613629/recreation_complex_altan
oktyabrskaya_minihotel,8751925,Двухместный номер Standard (двуспальная кровать) (в главном здании),3202302,2,1,двуспальная кровать,"[""двуспальная кровать""]","[""double""]","[{""bed"": ""double"", ""count"": 1}]",2,1500.00,1544.00,https://ostrovok.ru/hotel/russia/western_siberia_irkutsk_oblast_multi/mid8751925/oktyabrskaya_minihotel
oktyabrskaya_minihotel,8751925,Двухместный номер Standard (2 отдельные кровати) (в главном здании),3202402,2,4,2 отдельные кровати,"[""2 отдельные кровати""]","[""twin""]","[{""bed"": ""single"", ""count"": 2}]",2,1500.00,1544.00,https://ostrovok.ru/hotel/russia/western_siberia_irkutsk_oblast_multi/mid8751925/oktyabrskaya_minihotel
lotos_hotel,7744038,Двухместный номер Economy (общая ванная комната) (2 отдельные кровати),3101402,2,1,2 отдельные кровати,"[""2 отдельные кровати""]","[""twin""]","[{""bed"": ""single"", ""count"": 2}]",2,2300.00,2300.00,https://ostrovok.ru/hotel/russia/western_siberia_irkutsk_oblast_multi/mid7744038/lotos_hotel
lotos_hotel,7744038,Двухместный номер Standard (двуспальная кровать),3202302,4,2,двуспальная кровать,"[""двуспальная кровать""]","[""double""]","[{""bed"": ""double"", ""count"": 1}]",2,3000.00,3300.00,https://ostrovok.ru/hotel/russia/western_siberia_irkutsk_oblast_multi/mid7744038/lotos_hotel
lotos_hotel,7744038,Двухместный номер Standard (2 отдельные кровати),3202402,4,1,2 отдельные кровати,"[""2 отдельные кровати""]","[""twin""]","[{""bed"": ""single"", ""count"": 2}]",2,3000.00,3300.00,https://ostrovok.ru/hotel/russia/western_siberia_irkutsk_oblast_multi/mid7744038/lotos_hotel
lotos_hotel,7744038,Двухместный номер Superior (2 отдельные кровати),3502402,4,4,2 отдельные кровати,"[""2 отдельные кровати""]","[""twin""]","[{""bed"": ""single"", ""count"": 2}]",2,3500.00,3800.00,https://ostrovok.ru/hotel/russia/western_siberia_irkutsk_oblast_multi/mid7744038/lotos_hotel
lotos_hotel,7744038,Трёхместный номер Standard (3 отдельные кровати),3202003,4,2,3 отдельные кровати,"[""3 отдельные кровати""]","[""nobedding""]","[{""bed"": ""single"", ""count"": 3}]",3,3800.00,4100.00,https://ostrovok.ru/hotel/russia/western_siberia_irkutsk_oblast_multi/mid7744038/lotos_hotel
lotos_hotel,7744038,Трёхместная студия (3 отдельные кровати),7002003,4,1,3 отдельные кровати,"[""3 отдельные кровати""]","[""nobedding""]","[{""bed"": ""single"", ""count"": 3}]",3,4300.00,4600.00,https://ostrovok.ru/hotel/russia/western_siberia_irkutsk_oblast_multi/mid7744038/lotos_hotel
gloria_20,8854283,Одноместный номер Standard,3202001,1,1,,,"[""nobedding""]",,1,6233.00,6233.00,https://ostrovok.ru/hotel/russia/western_siberia_irkutsk_oblast_multi/mid8854283/gloria_20
gloria_20,8854283,Двухместный номер Standard (2 отдельные кровати),3202402,1,1,2 отдельные кровати,"[""2 отдельные кровати""]","[""twin""]","[{""bed"": ""single"", ""count"": 2}]",2,6530.00,6530.00,https://ostrovok.ru/hotel/russia/western_siberia_irkutsk_oblast_multi/mid8854283/gloria_20
wind_lake_guest_house,13437748,Номер Standard с красивым видом из окна (2 отдельные кровати),3202000000U,2,6,2 отдельные кровати,"[""2 отдельные кровати""]","[""twin""]","[{""bed"": ""single"", ""count"": 2}]",2,14639.00,14639.00,https://ostrovok.ru/hotel/russia/western_siberia_irkutsk_oblast_multi/mid13437748/wind_lake_guest_house
wind_lake_guest_house,13437748,Семейный номер Standard с 2 комнатами с видом на город (2 отдельные кровати),32020100205,2,5,2 отдельные кровати,"[""2 отдельные кровати""]","[""twin""]","[{""bed"": ""single"", ""count"": 2}]",2,24926.00,24926.00,https://ostrovok.ru/hotel/russia/western_siberia_irkutsk_oblast_multi/mid13437748/wind_lake_guest_house
wind_lake_guest_house,13437748,Люкс с видом на озеро (двуспальная кровать),5002000000D,1,2,двуспальная кровать,"[""двуспальная кровать""]","[""double""]","[{""bed"": ""double"", ""count"": 1}]",2,28487.00,28487.00,https://ostrovok.ru/hotel/russia/western_siberia_irkutsk_oblast_multi/mid13437748/wind_lake_guest_house
hotel_gostinitsa_dinamo,10295894,Кровать в общем номере (общая ванная комната) (3 кровати),1001,2,3,,,"[""nobedding""]",,1,1128.00,1140.00,https://ostrovok.ru/hotel/russia/western_siberia_irkutsk_oblast_multi/mid10295894/hotel_gostinitsa_dinamo
hotel_gostinitsa_dinamo,10295894,Двухместный номер Standard (общая ванная комната) (2 отдельные кровати),3201402,3,7,2 отдельные кровати,"[""2 отдельные кровати""]","[""twin""]","[{""bed"": ""single"", ""count"": 2}]",2,2255.00,2350.00,https://ostrovok.ru/hotel/russia/western_siberia_irkutsk_oblast_multi/mid10295894/hotel_gostinitsa_dinamo
hotel_gostinitsa_dinamo,10295894,Двухместный номер Comfort (общая ванная комната) (2 отдельные кровати),3301402,2,7,2 отдельные кровати,"[""2 отдельные кровати""]","[""twin""]","[{""bed"": ""single"", ""count"": 2}]",2,2820.00,2850.00,https://ostrovok.ru/hotel/russia/western_siberia_irkutsk_oblast_multi/mid10295894/hotel_gostinitsa_dinamo
hotel_gostinitsa_dinamo,10295894,Двухместный номер Superior (двуспальная кровать),3502302,2,3,двуспальная кровать,"[""двуспальная кровать""]","[""double""]","[{""bed"": ""double"", ""count"": 1}]",2,3562.00,3600.00,https://ostrovok.ru/hotel/russia/western_siberia_irkutsk_oblast_multi/mid10295894/hotel_gostinitsa_dinamo
hotel_gostinitsa_dinamo,10295894,Двухместный люкс c 1 комнатой (двуспальная кровать),500230201,2,1,двуспальная кровать,"[""двуспальная кровать""]","[""double""]","[{""bed"": ""double"", ""count"": 1}]",2,3562.00,3600.00,https://ostrovok.ru/hotel/russia/western_siberia_irkutsk_oblast_multi/mid10295894/hotel_gostinitsa_dinamo
metelitsa_6,9211770,Двухместный номер Standard с красивым видом из окна (двуспальная кровать),3202302000U,1,3,двуспальная кровать,"[""двуспальная кровать""]","[""double""]","[{""bed"": ""double"", ""count"": 1}]",2,2757.00,2757.00,https://ostrovok.ru/hotel/russia/western_siberia_irkutsk_oblast_multi/mid9211770/metelitsa_6
metelitsa_6,9211770,Двухместный полулюкс с красивым видом из окна (двуспальная кровать),4002302000U,1,1,двуспальная кровать,"[""двуспальная кровать""]","[""double""]","[{""bed"": ""double"", ""count"": 1}]",2,3545.00,3545.00,https://ostrovok.ru/hotel/russia/western_siberia_irkutsk_oblast_multi/mid9211770/metelitsa_6
metelitsa_6,9211770,Люкс с красивым видом из окна (двуспальная кровать),5002000000U,1,1,двуспальная кровать,"[""двуспальная кровать""]","[""double""]","[{""bed"": ""double"", ""count"": 1}]",2,4533.00,4533.00,https://ostrovok.ru/hotel/russia/western_siberia_irkutsk_oblast_multi/mid9211770/metelitsa_6
saturn_8,9291161,Двухместная студия (двуспальная кровать),7002302,8,2,двуспальная кровать,"[""двуспальная кровать""]","[""double""]","[{""bed"": ""double"", ""count"": 1}]",2,3500.00,4158.00,https://ostrovok.ru/hotel/russia/western_siberia_irkutsk_oblast_multi/mid9291161/saturn_8
olkhon_house_guest_family_house,11278129,Номер Standard (4 отдельные кровати),3202,1,1,4 отдельные кровати,"[""4 отдельные кровати""]","[""nobedding""]","[{""bed"": ""single"", ""count"": 4}]",1,4947.00,4947.00,https://ostrovok.ru/hotel/russia/western_siberia_irkutsk_oblast_multi/mid11278129/olkhon_house_guest_family_house
olkhon_house_guest_family_house,11278129,Двухместный номер Standard (двуспальная кровать),3202302,1,1,двуспальная кровать,"[""двуспальная кровать""]","[""double""]","[{""bed"": ""double"", ""count"": 1}]",2,4947.00,4947.00,https://ostrovok.ru/hotel/russia/western_siberia_irkutsk_oblast_multi/mid11278129/olkhon_house_guest_family_house
olkhon_house_guest_family_house,11278129,Семейный номер Standard (двуспальная кровать и односпальная кровать),320201,1,1,двуспальная кровать и односпальная кровать,"[""двуспальная кровать"", ""односпальная кровать""]","[""double""]","[{""bed"": ""double"", ""count"": 1}, {""bed"": ""single"", ""count"": 1}]",2,5442.00,5442.00,https://ostrovok.ru/hotel/russia/western_siberia_irkutsk_oblast_multi/mid11278129/olkhon_house_guest_family_house
olkhon_house_guest_family_house,11278129,Студия с видом на внутренний двор (двуспальная кровать),70020000006,1,1,двуспальная кровать,"[""двуспальная кровать""]","[""double""]","[{""bed"": ""double"", ""count"": 1}]",2,5937.00,5937.00,https://ostrovok.ru/hotel/russia/western_siberia_irkutsk_oblast_multi/mid11278129/olkhon_house_guest_family_house
khoromy_recreation_camp,13284761,Двухместный номер Standard (2 отдельные кровати),3202402,1,16,2 отдельные кровати,"[""2 отдельные кровати""]","[""twin""]","[{""bed"": ""single"", ""count"": 2}]",2,4000.00,4000.00,https://ostrovok.ru/hotel/russia/western_siberia_irkutsk_oblast_multi/mid13284761/khoromy_recreation_camp
khoromy_recreation_camp,13284761,Люкс с балконом,5002000001,1,9,,,"[""nobedding""]",,1,5000.00,5000.00,https://ostrovok.ru/hotel/russia/western_siberia_irkutsk_oblast_multi/mid13284761/khoromy_recreation_camp
khoromy_recreation_camp,13284761,Двухместные апартаменты с 2 комнатами (двуспальная кровать и диван),600230202,1,3,двуспальная кровать и диван,"[""двуспальная кровать"", ""диван""]","[""double""]","[{""bed"": ""double"", ""count"": 1}, {""bed"": ""sofa-bed"", ""count"": 1}]",3,6000.00,6000.00,https://ostrovok.ru/hotel/russia/western_siberia_irkutsk_oblast_multi/mid13284761/khoromy_recreation_camp
home_hotel_apartments_home_wanted_on_piskunov_street,11232250,Студия,7002,1,1,,,"[""nobedding""]",,1,3118.00,3118.00,https://ostrovok.ru/hotel/russia/western_siberia_irkutsk_oblast_multi/mid11232250/home_hotel_apartments_home_wanted_on_piskunov_street
home_hotel_apartments_home_wanted_on_piskunov_street,11232250,Апартаменты c 1 комнатой,600200001,1,1,,,"[""nobedding""]",,1,3118.00,3118.00,https://ostrovok.ru/hotel/russia/western_siberia_irkutsk_oblast_multi/mid11232250/home_hotel_apartments_home_wanted_on_piskunov_street
gostevoy_dom_mandarkhan_obaykal,11306441,Коттедж (общая ванная комната),9001,2,1,,,"[""nobedding""]",,1,22185.00,22420.00,https://ostrovok.ru/hotel/russia/western_siberia_irkutsk_oblast_multi/mid11306441/gostevoy_dom_mandarkhan_obaykal
glemping_hygge_barn,11337901,Коттедж с 2 комнатами с красивым видом из окна,9002000020U,2,1,,,"[""nobedding""]",,1,12369.00,12500.00,https://ostrovok.ru/hotel/russia/western_siberia_irkutsk_oblast_multi/mid11337901/glemping_hygge_barn
aleksandrovskij_dvor,10010389,Номер Standard (2 отдельные кровати и двуспальная кровать),3202,2,3,2 отдельные кровати и двуспальная кровать,"[""2 отдельные кровати"", ""двуспальная кровать""]","[""double""]","[{""bed"": ""double"", ""count"": 1}, {""bed"": ""single"", ""count"": 2}]",4,5689.00,5750.00,https://ostrovok.ru/hotel/russia/western_siberia_irkutsk_oblast_multi/mid10010389/aleksandrovskij_dvor
v_gostyakh_u_dubrovskikh_guest_house,13286418,"Семейный коттедж с балконом (2 отдельные кровати, двуспальная кровать и диван)",9002010001,1,1,"2 отдельные кровати, двуспальная кровать и диван","[""2 отдельные кровати"", ""двуспальная кровать"", ""диван""]","[""double""]","[{""bed"": ""double"", ""count"": 1}, {""bed"": ""single"", ""count"": 2}, {""bed"": ""sofa-bed"", ""count"": 1}]",5,19790.00,19790.00,https://ostrovok.ru/hotel/russia/western_siberia_irkutsk_oblast_multi/mid13286418/v_gostyakh_u_dubrovskikh_guest_house
dlya_kompanii_guest_house,13288614,Коттедж с видом на озеро (6 отдельных кроватей и диван) (терраса),9002000000D,2,1,6 отдельных кроватей и диван,"[""6 отдельных кроватей"", ""диван""]","[""sofa-bed""]","[{""bed"": ""single"", ""count"": 6}, {""bed"": ""sofa-bed"", ""count"": 1}]",1,23748.00,24000.00,https://ostrovok.ru/hotel/russia/western_siberia_irkutsk_oblast_multi/mid13288614/dlya_kompanii_guest_house
komilfo_2,9768630,"Номер № 15 Двухкомнатный (2 отдельные кровати, двуспальная кровать и диван)",330200002,2,1,"2 отдельные кровати, двуспальная кровать и диван","[""2 отдельные кровати"", ""двуспальная кровать"", ""диван""]","[""double""]","[{""bed"": ""double"", ""count"": 1}, {""bed"": ""single"", ""count"": 2}, {""bed"": ""sofa-bed"", ""count"": 1}]",5,3459.00,3500.00,https://ostrovok.ru/hotel/russia/western_siberia_irkutsk_oblast_multi/mid9768630/komilfo_2
komilfo_2,9768630,Номер Однокомнатный № 14 (2 двуспальные кровати),3202,4,1,2 двуспальные кровати,"[""2 двуспальные кровати""]","[""nobedding""]","[{""bed"": ""double"", ""count"": 2}]",2,3500.00,5139.00,https://ostrovok.ru/hotel/russia/western_siberia_irkutsk_oblast_multi/mid9768630/komilfo_2
komilfo_2,9768630,Номер № 6 (двуспальная кровать) (джакузи),3502,2,1,двуспальная кровать,"[""двуспальная кровать""]","[""double""]","[{""bed"": ""double"", ""count"": 1}]",2,4941.00,5000.00,https://ostrovok.ru/hotel/russia/western_siberia_irkutsk_oblast_multi/mid9768630/komilfo_2
komilfo_2,9768630,Номер № 5 (двуспальная кровать),3402,2,1,двуспальная кровать,"[""двуспальная кровать""]","[""double""]","[{""bed"": ""double"", ""count"": 1}]",2,4941.00,5000.00,https://ostrovok.ru/hotel/russia/western_siberia_irkutsk_oblast_multi/mid9768630/komilfo_2
komilfo_2,9768630,Номер № 1 Двухкомнатный (двуспальная кровать),370200002,2,1,двуспальная кровать,"[""двуспальная кровать""]","[""double""]","[{""bed"": ""double"", ""count"": 1}]",2,4941.00,5000.00,https://ostrovok.ru/hotel/russia/western_siberia_irkutsk_oblast_multi/mid9768630/komilfo_2
komilfo_2,9768630,Номер № 4 Трехкомнатный (двуспальная кровать и односпальная кровать),360200003,2,1,двуспальная кровать и односпальная кровать,"[""двуспальная кровать"", ""односпальная кровать""]","[""double""]","[{""bed"": ""double"", ""count"": 1}, {""bed"": ""single"", ""count"": 1}]",2,4941.00,5000.00,https://ostrovok.ru/hotel/russia/western_siberia_irkutsk_oblast_multi/mid9768630/komilfo_2
loft_house_38_guest_house,13330745,Апартаменты (двуспальная кровать и диван) (терраса),6002,1,3,двуспальная кровать и диван,"[""двуспальная кровать"", ""диван""]","[""double""]","[{""bed"": ""double"", ""count"": 1}, {""bed"": ""sofa-bed"", ""count"": 1}]",3,12369.00,12369.00,https://ostrovok.ru/hotel/russia/western_siberia_irkutsk_oblast_multi/mid13330745/loft_house_38_guest_house
loft_house_38_guest_house,13330745,Семейный люкс (двуспальная кровать и диван),500201,1,1,двуспальная кровать и диван,"[""двуспальная кровать"", ""диван""]","[""double""]","[{""bed"": ""double"", ""count"": 1}, {""bed"": ""sofa-bed"", ""count"": 1}]",3,12369.00,12369.00,https://ostrovok.ru/hotel/russia/western_siberia_irkutsk_oblast_multi/mid13330745/loft_house_38_guest_house
baikalov_ostrog,8850693,Двухместный номер Standard (2 отдельные кровати),3202402,1,38,2 отдельные кровати,"[""2 отдельные кровати""]","[""twin""]","[{""bed"": ""single"", ""count"": 2}]",2,11490.00,11490.00,https://ostrovok.ru/hotel/russia/western_siberia_irkutsk_oblast_multi/mid8850693/baikalov_ostrog
baikalov_ostrog,8850693,Двухместный номер Standard (двуспальная кровать) (тип кровати может измениться),3202302,1,22,двуспальная кровать,"[""двуспальная кровать""]","[""double""]","[{""bed"": ""double"", ""count"": 1}]",2,11490.00,11490.00,https://ostrovok.ru/hotel/russia/western_siberia_irkutsk_oblast_multi/mid8850693/baikalov_ostrog
baikalov_ostrog,8850693,С 3 комнатами,0,1,5,,,"[""nobedding""]",,1,18055.00,18055.00,https://ostrovok.ru/hotel/russia/western_siberia_irkutsk_oblast_multi/mid8850693/baikalov_ostrog
baikalov_ostrog,8850693,Люкс с 2 комнатами,500200002,1,4,,,"[""nobedding""]",,1,19697.00,19697.00,https://ostrovok.ru/hotel/russia/western_siberia_irkutsk_oblast_multi/mid8850693/baikalov_ostrog
baikalov_ostrog,8850693,Люкс с 3 комнатами,500200003,1,1,,,"[""nobedding""]",,1,39394.00,39394.00,https://ostrovok.ru/hotel/russia/western_siberia_irkutsk_oblast_multi/mid8850693/baikalov_ostrog
rezidentsii_rodina_irkutsk,13678434,Дом Курбатова Superior Classic с видом на город (2 отдельные кровати),95020000005,4,10,2 отдельные кровати,"[""2 отдельные кровати""]","[""twin""]","[{""bed"": ""single"", ""count"": 2}]",2,25000.00,25000.00,https://ostrovok.ru/hotel/russia/western_siberia_irkutsk_oblast_multi/mid13678434/rezidentsii_rodina_irkutsk
rezidentsii_rodina_irkutsk,13678434,Дом Курбатова Deluxe Classic с видом на город (двуспальная кровать),96020000005,2,2,двуспальная кровать,"[""двуспальная кровать""]","[""double""]","[{""bed"": ""double"", ""count"": 1}]",2,29500.00,29500.00,https://ostrovok.ru/hotel/russia/western_siberia_irkutsk_oblast_multi/mid13678434/rezidentsii_rodina_irkutsk
maksi_hotel,13793223,Номер Standard (2 отдельные кровати),3202,2,2,2 отдельные кровати,"[""2 отдельные кровати""]","[""twin""]","[{""bed"": ""single"", ""count"": 2}]",2,3958.00,4000.00,https://ostrovok.ru/hotel/russia/western_siberia_irkutsk_oblast_multi/mid13793223/maksi_hotel
profsoyuznaya_hotel_4,13870224,Апартаменты c 1 комнатой с видом на внутренний двор (2 отдельные кровати),60020000106,2,68,2 отдельные кровати,"[""2 отдельные кровати""]","[""twin""]","[{""bed"": ""single"", ""count"": 2}]",2,3196.00,3230.00,https://ostrovok.ru/hotel/russia/western_siberia_irkutsk_oblast_multi/mid13870224/profsoyuznaya_hotel_4
hotel_baikal_krai,13918062,Коттедж Standard (в дополнительном здании),9202,1,1,,,"[""nobedding""]",,1,7071.00,7071.00,https://ostrovok.ru/hotel/russia/western_siberia_irkutsk_oblast_multi/mid13918062/hotel_baikal_krai
